<?xml version="1.0" encoding="UTF-8"?>
<backup extension-name="JSN UniForm" extension-edition="PRO" extension-version="4.1.25" joomla-version="3.0"><tables><table name="#__jsn_uniform_data"><rows><row><data_id>1</data_id><form_id>1</form_id><user_id>0</user_id><data_ip>192.168.1.1</data_ip><data_country>United States</data_country><data_country_code>US</data_country_code><data_browser>Firefox</data_browser><data_browser_version>12.0</data_browser_version><data_browser_agent>Mozilla/5.0 (Windows NT 6.1; WOW64; rv:12.0) Gecko/20100101 Firefox/12.0 AlexaToolbar/alxf-2.15</data_browser_agent><data_os>Windows</data_os><data_created_by>0</data_created_by><data_created_at>2012-04-27 04:49:12</data_created_at><data_state>1</data_state></row><row><data_id>2</data_id><form_id>1</form_id><user_id>0</user_id><data_ip>203.162.254.11</data_ip><data_country>United States</data_country><data_country_code>US</data_country_code><data_browser>Firefox</data_browser><data_browser_version>12.0</data_browser_version><data_browser_agent>Mozilla/5.0 (Windows NT 6.1; WOW64; rv:12.0) Gecko/20100101 Firefox/12.0 AlexaToolbar/alxf-2.15</data_browser_agent><data_os>Windows</data_os><data_created_by>0</data_created_by><data_created_at>2012-04-27 04:50:47</data_created_at><data_state>1</data_state></row><row><data_id>3</data_id><form_id>1</form_id><user_id>0</user_id><data_ip>10.256.124.23</data_ip><data_country>United States</data_country><data_country_code>US</data_country_code><data_browser>Firefox</data_browser><data_browser_version>12.0</data_browser_version><data_browser_agent>Mozilla/5.0 (Windows NT 6.1; WOW64; rv:12.0) Gecko/20100101 Firefox/12.0 AlexaToolbar/alxf-2.15</data_browser_agent><data_os>Windows</data_os><data_created_by>0</data_created_by><data_created_at>2012-04-27 04:52:09</data_created_at><data_state>1</data_state></row></rows></table><table name="#__jsn_uniform_fields"><rows><row><field_id>1</field_id><form_id>1</form_id><field_type>name</field_type><field_identifier>name</field_identifier><field_title>Name</field_title><field_instructions></field_instructions><field_position>left</field_position><field_ordering>0</field_ordering><field_settings>{"id":"1","identify":"name","options":{"label":"Name","instruction":"","required":"1","format":"Normal","items":[{"text":"Mrs","checked":false},{"text":"Mr","checked":true},{"text":"Ms","checked":false},{"text":"Baby","checked":false},{"text":"Master","checked":false},{"text":"Prof","checked":false},{"text":"Dr","checked":false},{"text":"Gen","checked":false},{"text":"Rep","checked":false},{"text":"Sen","checked":false},{"text":"St","checked":false}],"size":"jsn-input-small-fluid","vtitle":"","vfirst":"1","vmiddle":"","vlast":"1","identify":"name"},"type":"name","position":"left"}</field_settings></row><row><field_id>2</field_id><form_id>1</form_id><field_type>address</field_type><field_identifier>address</field_identifier><field_title>Address</field_title><field_instructions></field_instructions><field_position>left</field_position><field_ordering>1</field_ordering><field_settings>{"id":"2","identify":"address","options":{"label":"Address","instruction":"","required":0,"country":[{"text":"Afghanistan","checked":false},{"text":"Albania","checked":false},{"text":"Algeria","checked":false},{"text":"Andorra","checked":false},{"text":"Angola","checked":false},{"text":"Antigua and Barbuda","checked":false},{"text":"Argentina","checked":false},{"text":"Armenia","checked":false},{"text":"Australia","checked":false},{"text":"Austria","checked":false},{"text":"Azerbaijan","checked":false},{"text":"Bahamas","checked":false},{"text":"Bahrain","checked":false},{"text":"Bangladesh","checked":false},{"text":"Barbados","checked":false},{"text":"Belarus","checked":false},{"text":"Belgium","checked":false},{"text":"Belize","checked":false},{"text":"Benin","checked":false},{"text":"Bhutan","checked":false},{"text":"Bolivia","checked":false},{"text":"Bosnia and Herzegovina","checked":false},{"text":"Botswana","checked":false},{"text":"Brazil","checked":false},{"text":"Brunei","checked":false},{"text":"Bulgaria","checked":false},{"text":"Burkina Faso","checked":false},{"text":"Burundi","checked":false},{"text":"Cambodia","checked":false},{"text":"Cameroon","checked":false},{"text":"Canada","checked":false},{"text":"Cape Verde","checked":false},{"text":"Central African Republic","checked":false},{"text":"Chad","checked":false},{"text":"Chile","checked":false},{"text":"China","checked":false},{"text":"Colombi","checked":false},{"text":"Comoros","checked":false},{"text":"Congo (Brazzaville)","checked":false},{"text":"Congo","checked":false},{"text":"Costa Rica","checked":false},{"text":"Cote d'Ivoire","checked":false},{"text":"Croatia","checked":false},{"text":"Cuba","checked":false},{"text":"Cyprus","checked":false},{"text":"Czech Republic","checked":false},{"text":"Denmark","checked":false},{"text":"Djibouti","checked":false},{"text":"Dominica","checked":false},{"text":"Dominican Republic","checked":false},{"text":"East Timor (Timor Timur)","checked":false},{"text":"Ecuador","checked":false},{"text":"Egypt","checked":false},{"text":"El Salvador","checked":false},{"text":"Equatorial Guinea","checked":false},{"text":"Eritrea","checked":false},{"text":"Estonia","checked":false},{"text":"Ethiopia","checked":false},{"text":"Fiji","checked":false},{"text":"Finland","checked":false},{"text":"France","checked":false},{"text":"Gabon","checked":false},{"text":"Gambia, The","checked":false},{"text":"Georgia","checked":false},{"text":"Germany","checked":false},{"text":"Ghana","checked":false},{"text":"Greece","checked":false},{"text":"Grenada","checked":false},{"text":"Guatemala","checked":false},{"text":"Guinea","checked":false},{"text":"Guinea-Bissau","checked":false},{"text":"Guyana","checked":false},{"text":"Haiti","checked":false},{"text":"Honduras","checked":false},{"text":"Hungary","checked":false},{"text":"Iceland","checked":false},{"text":"India","checked":false},{"text":"Indonesia","checked":false},{"text":"Iran","checked":false},{"text":"Iraq","checked":false},{"text":"Ireland","checked":false},{"text":"Israel","checked":false},{"text":"Italy","checked":false},{"text":"Jamaica","checked":false},{"text":"Japan","checked":false},{"text":"Jordan","checked":false},{"text":"Kazakhstan","checked":false},{"text":"Kenya","checked":false},{"text":"Kiribati","checked":false},{"text":"Korea, North","checked":false},{"text":"Korea, South","checked":false},{"text":"Kuwait","checked":false},{"text":"Kyrgyzstan","checked":false},{"text":"Laos","checked":false},{"text":"Latvia","checked":false},{"text":"Lebanon","checked":false},{"text":"Lesotho","checked":false},{"text":"Liberia","checked":false},{"text":"Libya","checked":false},{"text":"Liechtenstein","checked":false},{"text":"Lithuania","checked":false},{"text":"Luxembourg","checked":false},{"text":"Macedonia","checked":false},{"text":"Madagascar","checked":false},{"text":"Malawi","checked":false},{"text":"Malaysia","checked":false},{"text":"Maldives","checked":false},{"text":"Mali","checked":false},{"text":"Malta","checked":false},{"text":"Marshall Islands","checked":false},{"text":"Mauritania","checked":false},{"text":"Mauritius","checked":false},{"text":"Mexico","checked":false},{"text":"Micronesia","checked":false},{"text":"Moldova","checked":false},{"text":"Monaco","checked":false},{"text":"Mongolia","checked":false},{"text":"Morocco","checked":false},{"text":"Mozambique","checked":false},{"text":"Myanmar","checked":false},{"text":"Namibia","checked":false},{"text":"Nauru","checked":false},{"text":"Nepa","checked":false},{"text":"Netherlands","checked":false},{"text":"New Zealand","checked":false},{"text":"Nicaragua","checked":false},{"text":"Niger","checked":false},{"text":"Nigeria","checked":false},{"text":"Norway","checked":false},{"text":"Oman","checked":false},{"text":"Pakistan","checked":false},{"text":"Palau","checked":false},{"text":"Panama","checked":false},{"text":"Papua New Guinea","checked":false},{"text":"Paraguay","checked":false},{"text":"Peru","checked":false},{"text":"Philippines","checked":false},{"text":"Poland","checked":false},{"text":"Portugal","checked":false},{"text":"Qatar","checked":false},{"text":"Romania","checked":false},{"text":"Russia","checked":false},{"text":"Rwanda","checked":false},{"text":"Saint Kitts and Nevis","checked":false},{"text":"Saint Lucia","checked":false},{"text":"Saint Vincent","checked":false},{"text":"Samoa","checked":false},{"text":"San Marino","checked":false},{"text":"Sao Tome and Principe","checked":false},{"text":"Saudi Arabia","checked":false},{"text":"Senegal","checked":false},{"text":"Serbia and Montenegro","checked":false},{"text":"Seychelles","checked":false},{"text":"Sierra Leone","checked":false},{"text":"Singapore","checked":false},{"text":"Slovakia","checked":false},{"text":"Slovenia","checked":false},{"text":"Solomon Islands","checked":false},{"text":"Somalia","checked":false},{"text":"South Africa","checked":false},{"text":"Spain","checked":false},{"text":"Sri Lanka","checked":false},{"text":"Sudan","checked":false},{"text":"Suriname","checked":false},{"text":"Swaziland","checked":false},{"text":"Sweden","checked":false},{"text":"Switzerland","checked":false},{"text":"Syria","checked":false},{"text":"Taiwan","checked":false},{"text":"Tajikistan","checked":false},{"text":"Tanzania","checked":false},{"text":"Thailand","checked":false},{"text":"Togo","checked":false},{"text":"Tonga","checked":false},{"text":"Trinidad and Tobago","checked":false},{"text":"Tunisia","checked":false},{"text":"Turkey","checked":false},{"text":"Turkmenistan","checked":false},{"text":"Tuvalu","checked":false},{"text":"Uganda","checked":false},{"text":"Ukraine","checked":false},{"text":"United Arab Emirates","checked":false},{"text":"United Kingdom","checked":false},{"text":"United States","checked":false},{"text":"Uruguay","checked":false},{"text":"Uzbekistan","checked":false},{"text":"Vanuatu","checked":false},{"text":"Vatican City","checked":false},{"text":"Venezuela","checked":false},{"text":"Vietnam","checked":false},{"text":"Yemen","checked":false},{"text":"Zambia","checked":false},{"text":"Zimbabwe","checked":false}],"vstreetAddress":"1","vstreetAddress2":"1","vcity":"1","vcode":"1","vstate":"1","vcountry":"1","identify":"address"},"type":"address","position":"left"}</field_settings></row><row><field_id>4</field_id><form_id>1</form_id><field_type>email</field_type><field_identifier>email</field_identifier><field_title>Email</field_title><field_instructions></field_instructions><field_position>left</field_position><field_ordering>2</field_ordering><field_settings>{"id":"4","identify":"email","options":{"label":"Email","instruction":"","required":"1","noDuplicates":"1","size":"jsn-input-medium-fluid","value":"","identify":"email"},"type":"email","position":"left"}</field_settings></row><row><field_id>5</field_id><form_id>1</form_id><field_type>website</field_type><field_identifier>website</field_identifier><field_title>Website</field_title><field_instructions></field_instructions><field_position>left</field_position><field_ordering>3</field_ordering><field_settings>{"id":"5","identify":"website","options":{"label":"Website","instruction":"","required":0,"noDuplicates":0,"size":"jsn-input-medium-fluid","value":"","identify":"website"},"type":"website","position":"left"}</field_settings></row></rows></table><table name="#__jsn_uniform_forms"><rows><row><form_id>1</form_id><form_title>Sample Form</form_title><form_description>Description sample form</form_description><form_layout>default</form_layout><form_theme></form_theme><form_style></form_style><form_notify_submitter>0</form_notify_submitter><form_post_action>4</form_post_action><form_post_action_data>Thank you for your email.</form_post_action_data><form_captcha>0</form_captcha><form_state>1</form_state><form_access>1</form_access><form_created_by>298</form_created_by><form_created_at>2012-08-06 12:40:19</form_created_at><form_modified_by>768</form_modified_by><form_modified_at>2012-11-08 03:24:49</form_modified_at><form_checked_out>0</form_checked_out><form_checked_out_time>0000-00-00 00:00:00</form_checked_out_time><form_submission_cout>0</form_submission_cout><form_last_submitted>0000-00-00 00:00:00</form_last_submitted><form_submitter></form_submitter><form_type>1</form_type></row></rows></table><table name="#__jsn_uniform_form_pages"><rows><row><page_id>1</page_id><page_title>Page 1</page_title><form_id>1</form_id><page_content>[{"id":"1","type":"name","position":"left","identify":"name","label":"Name","instruction":"","options":{"label":"Name","instruction":"","required":"1","format":"Normal","items":[{"text":"Mrs","checked":false},{"text":"Mr","checked":true},{"text":"Ms","checked":false},{"text":"Baby","checked":false},{"text":"Master","checked":false},{"text":"Prof","checked":false},{"text":"Dr","checked":false},{"text":"Gen","checked":false},{"text":"Rep","checked":false},{"text":"Sen","checked":false},{"text":"St","checked":false}],"size":"jsn-input-small-fluid","vtitle":"","vfirst":"1","vmiddle":"","vlast":"1","identify":"name"}},{"id":"2","type":"address","position":"left","identify":"address","label":"Address","instruction":"","options":{"label":"Address","instruction":"","required":0,"country":[{"text":"Afghanistan","checked":false},{"text":"Albania","checked":false},{"text":"Algeria","checked":false},{"text":"Andorra","checked":false},{"text":"Angola","checked":false},{"text":"Antigua and Barbuda","checked":false},{"text":"Argentina","checked":false},{"text":"Armenia","checked":false},{"text":"Australia","checked":false},{"text":"Austria","checked":false},{"text":"Azerbaijan","checked":false},{"text":"Bahamas","checked":false},{"text":"Bahrain","checked":false},{"text":"Bangladesh","checked":false},{"text":"Barbados","checked":false},{"text":"Belarus","checked":false},{"text":"Belgium","checked":false},{"text":"Belize","checked":false},{"text":"Benin","checked":false},{"text":"Bhutan","checked":false},{"text":"Bolivia","checked":false},{"text":"Bosnia and Herzegovina","checked":false},{"text":"Botswana","checked":false},{"text":"Brazil","checked":false},{"text":"Brunei","checked":false},{"text":"Bulgaria","checked":false},{"text":"Burkina Faso","checked":false},{"text":"Burundi","checked":false},{"text":"Cambodia","checked":false},{"text":"Cameroon","checked":false},{"text":"Canada","checked":false},{"text":"Cape Verde","checked":false},{"text":"Central African Republic","checked":false},{"text":"Chad","checked":false},{"text":"Chile","checked":false},{"text":"China","checked":false},{"text":"Colombi","checked":false},{"text":"Comoros","checked":false},{"text":"Congo (Brazzaville)","checked":false},{"text":"Congo","checked":false},{"text":"Costa Rica","checked":false},{"text":"Cote d'Ivoire","checked":false},{"text":"Croatia","checked":false},{"text":"Cuba","checked":false},{"text":"Cyprus","checked":false},{"text":"Czech Republic","checked":false},{"text":"Denmark","checked":false},{"text":"Djibouti","checked":false},{"text":"Dominica","checked":false},{"text":"Dominican Republic","checked":false},{"text":"East Timor (Timor Timur)","checked":false},{"text":"Ecuador","checked":false},{"text":"Egypt","checked":false},{"text":"El Salvador","checked":false},{"text":"Equatorial Guinea","checked":false},{"text":"Eritrea","checked":false},{"text":"Estonia","checked":false},{"text":"Ethiopia","checked":false},{"text":"Fiji","checked":false},{"text":"Finland","checked":false},{"text":"France","checked":false},{"text":"Gabon","checked":false},{"text":"Gambia, The","checked":false},{"text":"Georgia","checked":false},{"text":"Germany","checked":false},{"text":"Ghana","checked":false},{"text":"Greece","checked":false},{"text":"Grenada","checked":false},{"text":"Guatemala","checked":false},{"text":"Guinea","checked":false},{"text":"Guinea-Bissau","checked":false},{"text":"Guyana","checked":false},{"text":"Haiti","checked":false},{"text":"Honduras","checked":false},{"text":"Hungary","checked":false},{"text":"Iceland","checked":false},{"text":"India","checked":false},{"text":"Indonesia","checked":false},{"text":"Iran","checked":false},{"text":"Iraq","checked":false},{"text":"Ireland","checked":false},{"text":"Israel","checked":false},{"text":"Italy","checked":false},{"text":"Jamaica","checked":false},{"text":"Japan","checked":false},{"text":"Jordan","checked":false},{"text":"Kazakhstan","checked":false},{"text":"Kenya","checked":false},{"text":"Kiribati","checked":false},{"text":"Korea, North","checked":false},{"text":"Korea, South","checked":false},{"text":"Kuwait","checked":false},{"text":"Kyrgyzstan","checked":false},{"text":"Laos","checked":false},{"text":"Latvia","checked":false},{"text":"Lebanon","checked":false},{"text":"Lesotho","checked":false},{"text":"Liberia","checked":false},{"text":"Libya","checked":false},{"text":"Liechtenstein","checked":false},{"text":"Lithuania","checked":false},{"text":"Luxembourg","checked":false},{"text":"Macedonia","checked":false},{"text":"Madagascar","checked":false},{"text":"Malawi","checked":false},{"text":"Malaysia","checked":false},{"text":"Maldives","checked":false},{"text":"Mali","checked":false},{"text":"Malta","checked":false},{"text":"Marshall Islands","checked":false},{"text":"Mauritania","checked":false},{"text":"Mauritius","checked":false},{"text":"Mexico","checked":false},{"text":"Micronesia","checked":false},{"text":"Moldova","checked":false},{"text":"Monaco","checked":false},{"text":"Mongolia","checked":false},{"text":"Morocco","checked":false},{"text":"Mozambique","checked":false},{"text":"Myanmar","checked":false},{"text":"Namibia","checked":false},{"text":"Nauru","checked":false},{"text":"Nepa","checked":false},{"text":"Netherlands","checked":false},{"text":"New Zealand","checked":false},{"text":"Nicaragua","checked":false},{"text":"Niger","checked":false},{"text":"Nigeria","checked":false},{"text":"Norway","checked":false},{"text":"Oman","checked":false},{"text":"Pakistan","checked":false},{"text":"Palau","checked":false},{"text":"Panama","checked":false},{"text":"Papua New Guinea","checked":false},{"text":"Paraguay","checked":false},{"text":"Peru","checked":false},{"text":"Philippines","checked":false},{"text":"Poland","checked":false},{"text":"Portugal","checked":false},{"text":"Qatar","checked":false},{"text":"Romania","checked":false},{"text":"Russia","checked":false},{"text":"Rwanda","checked":false},{"text":"Saint Kitts and Nevis","checked":false},{"text":"Saint Lucia","checked":false},{"text":"Saint Vincent","checked":false},{"text":"Samoa","checked":false},{"text":"San Marino","checked":false},{"text":"Sao Tome and Principe","checked":false},{"text":"Saudi Arabia","checked":false},{"text":"Senegal","checked":false},{"text":"Serbia and Montenegro","checked":false},{"text":"Seychelles","checked":false},{"text":"Sierra Leone","checked":false},{"text":"Singapore","checked":false},{"text":"Slovakia","checked":false},{"text":"Slovenia","checked":false},{"text":"Solomon Islands","checked":false},{"text":"Somalia","checked":false},{"text":"South Africa","checked":false},{"text":"Spain","checked":false},{"text":"Sri Lanka","checked":false},{"text":"Sudan","checked":false},{"text":"Suriname","checked":false},{"text":"Swaziland","checked":false},{"text":"Sweden","checked":false},{"text":"Switzerland","checked":false},{"text":"Syria","checked":false},{"text":"Taiwan","checked":false},{"text":"Tajikistan","checked":false},{"text":"Tanzania","checked":false},{"text":"Thailand","checked":false},{"text":"Togo","checked":false},{"text":"Tonga","checked":false},{"text":"Trinidad and Tobago","checked":false},{"text":"Tunisia","checked":false},{"text":"Turkey","checked":false},{"text":"Turkmenistan","checked":false},{"text":"Tuvalu","checked":false},{"text":"Uganda","checked":false},{"text":"Ukraine","checked":false},{"text":"United Arab Emirates","checked":false},{"text":"United Kingdom","checked":false},{"text":"United States","checked":false},{"text":"Uruguay","checked":false},{"text":"Uzbekistan","checked":false},{"text":"Vanuatu","checked":false},{"text":"Vatican City","checked":false},{"text":"Venezuela","checked":false},{"text":"Vietnam","checked":false},{"text":"Yemen","checked":false},{"text":"Zambia","checked":false},{"text":"Zimbabwe","checked":false}],"vstreetAddress":"1","vstreetAddress2":"1","vcity":"1","vcode":"1","vstate":"1","vcountry":"1","identify":"address"}},{"id":"4","type":"email","position":"left","identify":"email","label":"Email","instruction":"","options":{"label":"Email","instruction":"","required":"1","noDuplicates":"1","size":"jsn-input-medium-fluid","value":"","identify":"email"}},{"id":"5","type":"website","position":"left","identify":"website","label":"Website","instruction":"","options":{"label":"Website","instruction":"","required":0,"noDuplicates":0,"size":"jsn-input-medium-fluid","value":"","identify":"website"}}]</page_content><page_template>{"dataField":[{"field_type":"name","field_id":"sb_1","field_title":"Name","field_instructions":"","field_position":"left","field_settings":"{\"id\":\"1\",\"identify\":\"name\",\"options\":{\"label\":\"Name\",\"instruction\":\"\",\"required\":\"1\",\"size\":\"jsn-input-mini-fluid\",\"items\":[{\"text\":\"Mrs\",\"checked\":false},{\"text\":\"Mr\",\"checked\":true},{\"text\":\"Ms\",\"checked\":false},{\"text\":\"Baby\",\"checked\":false},{\"text\":\"Master\",\"checked\":false},{\"text\":\"Prof\",\"checked\":false},{\"text\":\"Dr\",\"checked\":false},{\"text\":\"Gen\",\"checked\":false},{\"text\":\"Rep\",\"checked\":false},{\"text\":\"Sen\",\"checked\":false},{\"text\":\"St\",\"checked\":false}],\"vtitle\":\"1\",\"vfirst\":\"1\",\"vmiddle\":\"1\",\"vlast\":\"1\",\"identify\":\"name\"},\"type\":\"name\",\"position\":\"left\"}"},{"field_type":"address","field_id":"sb_2","field_title":"Address","field_instructions":"","field_position":"left","field_settings":"{\"id\":\"2\",\"identify\":\"address\",\"options\":{\"label\":\"Address\",\"instruction\":\"\",\"required\":0,\"country\":[{\"text\":\"Afghanistan\",\"checked\":false},{\"text\":\"Albania\",\"checked\":false},{\"text\":\"Algeria\",\"checked\":false},{\"text\":\"Andorra\",\"checked\":false},{\"text\":\"Angola\",\"checked\":false},{\"text\":\"Antigua and Barbuda\",\"checked\":false},{\"text\":\"Argentina\",\"checked\":false},{\"text\":\"Armenia\",\"checked\":false},{\"text\":\"Australia\",\"checked\":false},{\"text\":\"Austria\",\"checked\":false},{\"text\":\"Azerbaijan\",\"checked\":false},{\"text\":\"Bahamas\",\"checked\":false},{\"text\":\"Bahrain\",\"checked\":false},{\"text\":\"Bangladesh\",\"checked\":false},{\"text\":\"Barbados\",\"checked\":false},{\"text\":\"Belarus\",\"checked\":false},{\"text\":\"Belgium\",\"checked\":false},{\"text\":\"Belize\",\"checked\":false},{\"text\":\"Benin\",\"checked\":false},{\"text\":\"Bhutan\",\"checked\":false},{\"text\":\"Bolivia\",\"checked\":false},{\"text\":\"Bosnia and Herzegovina\",\"checked\":false},{\"text\":\"Botswana\",\"checked\":false},{\"text\":\"Brazil\",\"checked\":false},{\"text\":\"Brunei\",\"checked\":false},{\"text\":\"Bulgaria\",\"checked\":false},{\"text\":\"Burkina Faso\",\"checked\":false},{\"text\":\"Burundi\",\"checked\":false},{\"text\":\"Cambodia\",\"checked\":false},{\"text\":\"Cameroon\",\"checked\":false},{\"text\":\"Canada\",\"checked\":false},{\"text\":\"Cape Verde\",\"checked\":false},{\"text\":\"Central African Republic\",\"checked\":false},{\"text\":\"Chad\",\"checked\":false},{\"text\":\"Chile\",\"checked\":false},{\"text\":\"China\",\"checked\":false},{\"text\":\"Colombi\",\"checked\":false},{\"text\":\"Comoros\",\"checked\":false},{\"text\":\"Congo (Brazzaville)\",\"checked\":false},{\"text\":\"Congo\",\"checked\":false},{\"text\":\"Costa Rica\",\"checked\":false},{\"text\":\"Cote d'Ivoire\",\"checked\":false},{\"text\":\"Croatia\",\"checked\":false},{\"text\":\"Cuba\",\"checked\":false},{\"text\":\"Cyprus\",\"checked\":false},{\"text\":\"Czech Republic\",\"checked\":false},{\"text\":\"Denmark\",\"checked\":false},{\"text\":\"Djibouti\",\"checked\":false},{\"text\":\"Dominica\",\"checked\":false},{\"text\":\"Dominican Republic\",\"checked\":false},{\"text\":\"East Timor (Timor Timur)\",\"checked\":false},{\"text\":\"Ecuador\",\"checked\":false},{\"text\":\"Egypt\",\"checked\":false},{\"text\":\"El Salvador\",\"checked\":false},{\"text\":\"Equatorial Guinea\",\"checked\":false},{\"text\":\"Eritrea\",\"checked\":false},{\"text\":\"Estonia\",\"checked\":false},{\"text\":\"Ethiopia\",\"checked\":false},{\"text\":\"Fiji\",\"checked\":false},{\"text\":\"Finland\",\"checked\":false},{\"text\":\"France\",\"checked\":false},{\"text\":\"Gabon\",\"checked\":false},{\"text\":\"Gambia, The\",\"checked\":false},{\"text\":\"Georgia\",\"checked\":false},{\"text\":\"Germany\",\"checked\":false},{\"text\":\"Ghana\",\"checked\":false},{\"text\":\"Greece\",\"checked\":false},{\"text\":\"Grenada\",\"checked\":false},{\"text\":\"Guatemala\",\"checked\":false},{\"text\":\"Guinea\",\"checked\":false},{\"text\":\"Guinea-Bissau\",\"checked\":false},{\"text\":\"Guyana\",\"checked\":false},{\"text\":\"Haiti\",\"checked\":false},{\"text\":\"Honduras\",\"checked\":false},{\"text\":\"Hungary\",\"checked\":false},{\"text\":\"Iceland\",\"checked\":false},{\"text\":\"India\",\"checked\":false},{\"text\":\"Indonesia\",\"checked\":false},{\"text\":\"Iran\",\"checked\":false},{\"text\":\"Iraq\",\"checked\":false},{\"text\":\"Ireland\",\"checked\":false},{\"text\":\"Israel\",\"checked\":false},{\"text\":\"Italy\",\"checked\":false},{\"text\":\"Jamaica\",\"checked\":false},{\"text\":\"Japan\",\"checked\":false},{\"text\":\"Jordan\",\"checked\":false},{\"text\":\"Kazakhstan\",\"checked\":false},{\"text\":\"Kenya\",\"checked\":false},{\"text\":\"Kiribati\",\"checked\":false},{\"text\":\"Korea, North\",\"checked\":false},{\"text\":\"Korea, South\",\"checked\":false},{\"text\":\"Kuwait\",\"checked\":false},{\"text\":\"Kyrgyzstan\",\"checked\":false},{\"text\":\"Laos\",\"checked\":false},{\"text\":\"Latvia\",\"checked\":false},{\"text\":\"Lebanon\",\"checked\":false},{\"text\":\"Lesotho\",\"checked\":false},{\"text\":\"Liberia\",\"checked\":false},{\"text\":\"Libya\",\"checked\":false},{\"text\":\"Liechtenstein\",\"checked\":false},{\"text\":\"Lithuania\",\"checked\":false},{\"text\":\"Luxembourg\",\"checked\":false},{\"text\":\"Macedonia\",\"checked\":false},{\"text\":\"Madagascar\",\"checked\":false},{\"text\":\"Malawi\",\"checked\":false},{\"text\":\"Malaysia\",\"checked\":false},{\"text\":\"Maldives\",\"checked\":false},{\"text\":\"Mali\",\"checked\":false},{\"text\":\"Malta\",\"checked\":false},{\"text\":\"Marshall Islands\",\"checked\":false},{\"text\":\"Mauritania\",\"checked\":false},{\"text\":\"Mauritius\",\"checked\":false},{\"text\":\"Mexico\",\"checked\":false},{\"text\":\"Micronesia\",\"checked\":false},{\"text\":\"Moldova\",\"checked\":false},{\"text\":\"Monaco\",\"checked\":false},{\"text\":\"Mongolia\",\"checked\":false},{\"text\":\"Morocco\",\"checked\":false},{\"text\":\"Mozambique\",\"checked\":false},{\"text\":\"Myanmar\",\"checked\":false},{\"text\":\"Namibia\",\"checked\":false},{\"text\":\"Nauru\",\"checked\":false},{\"text\":\"Nepa\",\"checked\":false},{\"text\":\"Netherlands\",\"checked\":false},{\"text\":\"New Zealand\",\"checked\":false},{\"text\":\"Nicaragua\",\"checked\":false},{\"text\":\"Niger\",\"checked\":false},{\"text\":\"Nigeria\",\"checked\":false},{\"text\":\"Norway\",\"checked\":false},{\"text\":\"Oman\",\"checked\":false},{\"text\":\"Pakistan\",\"checked\":false},{\"text\":\"Palau\",\"checked\":false},{\"text\":\"Panama\",\"checked\":false},{\"text\":\"Papua New Guinea\",\"checked\":false},{\"text\":\"Paraguay\",\"checked\":false},{\"text\":\"Peru\",\"checked\":false},{\"text\":\"Philippines\",\"checked\":false},{\"text\":\"Poland\",\"checked\":false},{\"text\":\"Portugal\",\"checked\":false},{\"text\":\"Qatar\",\"checked\":false},{\"text\":\"Romania\",\"checked\":false},{\"text\":\"Russia\",\"checked\":false},{\"text\":\"Rwanda\",\"checked\":false},{\"text\":\"Saint Kitts and Nevis\",\"checked\":false},{\"text\":\"Saint Lucia\",\"checked\":false},{\"text\":\"Saint Vincent\",\"checked\":false},{\"text\":\"Samoa\",\"checked\":false},{\"text\":\"San Marino\",\"checked\":false},{\"text\":\"Sao Tome and Principe\",\"checked\":false},{\"text\":\"Saudi Arabia\",\"checked\":false},{\"text\":\"Senegal\",\"checked\":false},{\"text\":\"Serbia and Montenegro\",\"checked\":false},{\"text\":\"Seychelles\",\"checked\":false},{\"text\":\"Sierra Leone\",\"checked\":false},{\"text\":\"Singapore\",\"checked\":false},{\"text\":\"Slovakia\",\"checked\":false},{\"text\":\"Slovenia\",\"checked\":false},{\"text\":\"Solomon Islands\",\"checked\":false},{\"text\":\"Somalia\",\"checked\":false},{\"text\":\"South Africa\",\"checked\":false},{\"text\":\"Spain\",\"checked\":false},{\"text\":\"Sri Lanka\",\"checked\":false},{\"text\":\"Sudan\",\"checked\":false},{\"text\":\"Suriname\",\"checked\":false},{\"text\":\"Swaziland\",\"checked\":false},{\"text\":\"Sweden\",\"checked\":false},{\"text\":\"Switzerland\",\"checked\":false},{\"text\":\"Syria\",\"checked\":false},{\"text\":\"Taiwan\",\"checked\":false},{\"text\":\"Tajikistan\",\"checked\":false},{\"text\":\"Tanzania\",\"checked\":false},{\"text\":\"Thailand\",\"checked\":false},{\"text\":\"Togo\",\"checked\":false},{\"text\":\"Tonga\",\"checked\":false},{\"text\":\"Trinidad and Tobago\",\"checked\":false},{\"text\":\"Tunisia\",\"checked\":false},{\"text\":\"Turkey\",\"checked\":false},{\"text\":\"Turkmenistan\",\"checked\":false},{\"text\":\"Tuvalu\",\"checked\":false},{\"text\":\"Uganda\",\"checked\":false},{\"text\":\"Ukraine\",\"checked\":false},{\"text\":\"United Arab Emirates\",\"checked\":false},{\"text\":\"United Kingdom\",\"checked\":false},{\"text\":\"United States\",\"checked\":false},{\"text\":\"Uruguay\",\"checked\":false},{\"text\":\"Uzbekistan\",\"checked\":false},{\"text\":\"Vanuatu\",\"checked\":false},{\"text\":\"Vatican City\",\"checked\":false},{\"text\":\"Venezuela\",\"checked\":false},{\"text\":\"Vietnam\",\"checked\":false},{\"text\":\"Yemen\",\"checked\":false},{\"text\":\"Zambia\",\"checked\":false},{\"text\":\"Zimbabwe\",\"checked\":false}],\"vstreetAddress\":\"1\",\"vstreetAddress2\":\"1\",\"vcity\":\"1\",\"vcode\":\"1\",\"vstate\":\"1\",\"vcountry\":\"1\",\"identify\":\"address\"},\"type\":\"address\",\"position\":\"left\"}"},{"field_type":"email","field_id":"sb_4","field_title":"Email","field_instructions":"","field_position":"left","field_settings":"{\"id\":\"4\",\"identify\":\"email\",\"options\":{\"label\":\"Email\",\"instruction\":\"\",\"required\":\"1\",\"noDuplicates\":\"1\",\"size\":\"jsn-input-medium-fluid\",\"value\":\"\",\"identify\":\"email\"},\"type\":\"email\",\"position\":\"left\"}"},{"field_type":"website","field_id":"sb_5","field_title":"Website","field_instructions":"","field_position":"left","field_settings":"{\"id\":\"5\",\"identify\":\"website\",\"options\":{\"label\":\"Website\",\"instruction\":\"\",\"required\":0,\"noDuplicates\":0,\"size\":\"jsn-input-medium-fluid\",\"value\":\"\",\"identify\":\"website\"},\"type\":\"website\",\"position\":\"left\"}"}],"dataFormLayout":"default"}</page_template></row></rows></table><table name="#__jsn_uniform_templates"><rows><row><template_id>1</template_id><form_id>1</form_id><template_notify_to>1</template_notify_to><template_from></template_from><template_reply_to></template_reply_to><template_subject></template_subject><template_message></template_message></row><row><template_id>2</template_id><form_id>1</form_id><template_notify_to>0</template_notify_to><template_from></template_from><template_reply_to></template_reply_to><template_subject></template_subject><template_message></template_message></row><row><template_id>3</template_id><form_id>2</form_id><template_notify_to>1</template_notify_to><template_from>{$name}</template_from><template_reply_to>{$your_email}</template_reply_to><template_subject>New survey of {$name}</template_subject><template_message>&lt;p&gt;This is the new survey done by {$name}, here is the brief result: &lt;/p&gt;&#13;
    &lt;p&gt;{$name}&lt;/p&gt;&#13;
    &lt;p&gt;{$your_birthdate}&lt;/p&gt;&#13;
    &lt;p&gt;{$your_email}&lt;/p&gt;&#13;
    &lt;p&gt;{$address}&lt;/p&gt;&#13;
    &lt;p&gt;{$website}&lt;/p&gt;&#13;
    &lt;p&gt;{$who_are_you_tell_more_about_yourself}&lt;/p&gt;&#13;
    &lt;p&gt;{$your_joomla_exeperience}&lt;/p&gt;&#13;
    &lt;p&gt;{$which_forum_extension_do_you_like_to_see_joomlashine_template_compatible_with_}&lt;/p&gt;&#13;
    &lt;p&gt;{$which_features_do_you_like_to_see_joomlashine_template_have_}&lt;/p&gt;&#13;
    &lt;p&gt; &lt;/p&gt;</template_message></row><row><template_id>4</template_id><form_id>2</form_id><template_notify_to>0</template_notify_to><template_from>JoomlaShine Customer Services</template_from><template_reply_to>thaoth@bravebits.vn</template_reply_to><template_subject>Thank you, {$name} for your survey submission!</template_subject><template_message>&lt;p&gt;Dear {$name}, &lt;/p&gt;&#13;
    &lt;p&gt;You are receiving this email because you've just finished JoomlaShine Template Survey. &lt;/p&gt;&#13;
    &lt;p&gt;We appreciate your opinion and take seriously to the each answer. In order to thank you for your participation, we will give you a shopping voucher for JoomlaShine's product purchase. &lt;br /&gt;&lt;br /&gt;&lt;/p&gt;&#13;
    &lt;p&gt;We'll take into consideration your opinion then implement it into the further product's development process.  The opinion you give helps to shape the products you receive. &lt;br /&gt;&lt;br /&gt;&lt;img src="http://divalookbook.com/uploaded_images/hm.gift.card-715761.jpg" border="0" width="517" height="412" style="float: left;" /&gt;&lt;/p&gt;&#13;
    &lt;p&gt; &lt;/p&gt;&#13;
    &lt;p&gt;Please use the code &lt;strong&gt;JSNPOLL5&lt;/strong&gt; to get &lt;strong&gt;$5 OFF&lt;/strong&gt; when purchase any products from JoomlaShine. (&lt;em&gt;Not applied with other promotions&lt;/em&gt;)&lt;/p&gt;&#13;
    &lt;ul&gt;&#13;
    &lt;li&gt;&lt;a href="http://www.joomlashine.com/joomla-templates.html" target="_blank"&gt;Check JoomlaShine Templates&lt;/a&gt;&lt;/li&gt;&#13;
    &lt;li&gt;&lt;a href="http://www.joomlashine.com/joomla-extensions.html" target="_blank"&gt;Check JoomlaShine Extensions&lt;/a&gt;&lt;/li&gt;&#13;
    &lt;/ul&gt;&#13;
    &lt;p&gt; &lt;/p&gt;&#13;
    &lt;p&gt;To be informed about latest news from JoomlaShine Team&lt;/p&gt;&#13;
    &lt;ul&gt;&#13;
    &lt;li&gt;&lt;a href="https://twitter.com/joomlashine" target="_blank"&gt;Twitter&lt;/a&gt;: &lt;/li&gt;&#13;
    &lt;li&gt;&lt;a href="http://www.facebook.com/joomlashine" target="_blank"&gt;Facebook&lt;/a&gt;&lt;/li&gt;&#13;
    &lt;/ul&gt;</template_message></row><row><template_id>5</template_id><form_id>3</form_id><template_notify_to>1</template_notify_to><template_from></template_from><template_reply_to></template_reply_to><template_subject></template_subject><template_message></template_message></row><row><template_id>6</template_id><form_id>3</form_id><template_notify_to>0</template_notify_to><template_from></template_from><template_reply_to></template_reply_to><template_subject></template_subject><template_message></template_message></row></rows></table><table name="#__jsn_uniform_submissions_1"><rows><row><data_id>1</data_id><sb_1>{"first":"Elizabeth","last":"Bennet"}</sb_1><sb_2>{"street":"1600 Amphitheatre Pkwy","line2":"","city":"Mountain View","code":"94043","state":"CA","country":"United States"}</sb_2><sb_4>liz@example.org</sb_4><sb_5>http://example.org</sb_5></row><row><data_id>2</data_id><sb_1>{"first":"Rulth","last":"Morgan"}</sb_1><sb_2>{"street":"Po Box 282","line2":"","city":"Hultig","code":"71747","state":"AK","country":"United States"}</sb_2><sb_4>rulthmorgan@yahoo.com</sb_4><sb_5>http://example.org</sb_5></row><row><data_id>3</data_id><sb_1>{"first":"Jesse","last":"Gross"}</sb_1><sb_2>{"street":"8920 Jupiter Dr","line2":"","city":"Anchorage","code":"99760","state":"AK","country":"United States"}</sb_2><sb_4>sraa@gci.net</sb_4><sb_5></sb_5></row></rows></table></tables></backup>