<?xml version="1.0" encoding="UTF-8"?>
<backup extension-name="JSN EasySlider" extension-version="2.0.0" joomla-version="3.4.1"><tables><table name="#__jsn_easyslider_sliders"><rows><row><slider_id>2</slider_id><slider_title>Detail Page Intro Slider</slider_title><slider_data>{"version":1,"fullWidth":false,"fullHeight":false,"width":"100%","canvasWidth":"1170px","minWidth":null,"maxWidth":null,"height":null,"canvasHeight":"610px","minHeight":null,"maxHeight":null,"tabletMode":false,"tabletUnder":"1024px","tabletWidth":"400px","tabletHeight":null,"mobileMode":false,"mobileUnder":"768px","mobileWidth":null,"mobileHeight":null,"responsiveEditMode":"default","viewportOffsetX":0,"viewportOffsetY":0,"zoom":1,"slides":[{"active":true,"index":0,"currentTime":1000,"backgroundColor":"rgb(0, 0, 0)","backgroundPosition":"50% 50%","backgroundSize":"cover","backgroundImage":{"type":"extend","url":"https://lh3.googleusercontent.com/-miKSLDQkg-s/VY4HH4D_A3I/AAAAAAAAFCo/T-QB6GBBRL8/s1440/48a881b5a90e42ccceaa57a3fa193676.jpg","id":"48a881b5a90e42ccceaa57a3fa193676","width":0,"height":0},"transition":{"effect":"fade","delay":8000,"duration":1000,"rows":1,"cols":1,"startFrom":"left","type":1,"timing":"ease","delayRandom":false,"delayY":50,"delayX":50,"cubeDepth":"auto","cubeAnimation":"scale-rotate","cubeFace":"left","cubeAxis":"x","cubeRotate":1},"items":[{"type":"text","content":"&lt;i class=\"fa fa-joomla\"&gt;&lt;/i&gt; 3.X","style":{"width":"115px","height":"30px","color":"#FFFFFF","fontFamily":"Open Sans","fontSize":"22px","lineHeight":1,"textAlign":"center","alignItems":"center","top":"148px","left":"805px","background":"","borderColor":"","fontWeight":"bold","visibility":"visible"},"build":{"inEffect":"bounce","inStart":1500,"inEnd":1900,"inEasing":"easeOutElastic","inTransform":{"scale":{"x":0.5,"y":0.5},"opacity":"0","origin":{},"translate":{},"rotate":{},"skew":{}},"outEffect":"none","outStart":8000,"outEnd":8000,"outEasing":"easeInQuad","outTransform":{"opacity":"0","origin":{},"translate":{},"rotate":{},"scale":{},"skew":{}}},"index":0,"selected":false,"show":true,"lock":false,"video":{"type":"placeholder","url":"","id":"","volume":0.8,"autoplay":true,"loop":false,"controls":false},"image":{"type":"placeholder","url":"","id":"","width":0,"height":0},"timelineVisible":false,"items":[],"animation":{"in":{},"out":{}},"tagName":"DIV","origin":"0,0","style_T":{"visibility":"visible"},"style_M":{"visibility":"visible"}},{"type":"text","content":"ONLY FOR","style":{"width":"115px","height":"30px","color":"#FFFFFF","fontFamily":"Open Sans","fontSize":"11px","lineHeight":1,"textAlign":"center","alignItems":"center","top":"128px","left":"805px","background":"","borderColor":"","fontWeight":"bold","visibility":"visible"},"build":{"inEffect":"bounce","inStart":1500,"inEnd":1900,"inEasing":"easeOutElastic","inTransform":{"scale":{"x":0.5,"y":0.5},"opacity":"0","origin":{},"translate":{},"rotate":{},"skew":{}},"outEffect":"none","outStart":8000,"outEnd":8000,"outEasing":"easeInQuad","outTransform":{"opacity":"0","origin":{},"translate":{},"rotate":{},"scale":{},"skew":{}}},"index":1,"selected":false,"show":true,"lock":false,"timelineVisible":false,"video":{"type":"placeholder","url":"","id":"","volume":0.8,"autoplay":true,"loop":false,"controls":false},"image":{"type":"placeholder","url":"","id":"","width":0,"height":0},"items":[],"animation":{"in":{},"out":{}},"tagName":"DIV","origin":"0,0","style_T":{"visibility":"visible"},"style_M":{"visibility":"visible"}},{"type":"image","content":"1.png","build":{"inEffect":"rotate-left-90","inStart":800,"inEnd":1700,"inEasing":"easeOutQuad","inTransform":{"rotate":{"z":90},"opacity":"0","origin":{},"translate":{},"scale":{},"skew":{}},"outEffect":"none","outStart":8000,"outEnd":8000,"outEasing":"easeInQuad","outTransform":{"opacity":"0","origin":{},"translate":{},"rotate":{},"scale":{},"skew":{}}},"image":{"type":"extend","url":"https://lh3.googleusercontent.com/-xgC3iyM2CLw/VY4HQrif6EI/AAAAAAAAFEo/OjGxVj6s-vc/s96/cd87e051ce10fd9097d4d860f15c890a.png","id":"cd87e051ce10fd9097d4d860f15c890a","change":false,"width":0,"height":0,"original":{"width":96,"height":96}},"index":2,"selected":false,"show":true,"lock":false,"style":{"top":"106px","left":"814px","width":"96px","height":"96px","background":"","color":"#FFFFFF","visibility":"visible"},"timelineVisible":true,"video":{"type":"placeholder","url":"","id":"","volume":0.8,"autoplay":true,"loop":false,"controls":false},"items":[],"animation":{"in":{},"out":{}},"tagName":"DIV","origin":"0,0","style_T":{"visibility":"visible"},"style_M":{"visibility":"visible"}},{"type":"text","content":"GET IT NOW","style":{"width":"170px","height":"50px","color":"#FFFFFF","fontFamily":"Open Sans","fontSize":"16px","lineHeight":1,"textAlign":"center","alignItems":"center","top":"305px","left":"598px","background":"#8CC63E","borderRadius":"6px","fontWeight":"bold","visibility":"visible"},"build":{"inEffect":"slide-bottom-small","inStart":800,"inEnd":2000,"inEasing":"easeOutQuad","inTransform":{"translate":{"y":50},"opacity":"0","origin":{},"rotate":{},"scale":{},"skew":{}},"outEffect":"none","outStart":8000,"outEnd":8000,"outEasing":"easeInQuad","outTransform":{"opacity":"0","origin":{},"translate":{},"rotate":{},"scale":{},"skew":{}}},"index":3,"selected":false,"show":true,"lock":false,"video":{"type":"placeholder","url":"","id":"","volume":0.8,"autoplay":true,"loop":false,"controls":false},"image":{"type":"placeholder","url":"","id":"","width":0,"height":0},"timelineVisible":true,"link":"#jsn-edition-price","linkTarget":"_self","items":[],"animation":{"in":{},"out":{}},"tagName":"DIV","origin":"0,0","style_T":{"visibility":"visible"},"style_M":{"visibility":"visible"}},{"type":"text","content":"VIEW DEMO","style":{"width":"170px","height":"50px","color":"rgb(255, 255, 255)","fontFamily":"Open Sans","fontSize":"16px","lineHeight":1,"textAlign":"center","alignItems":"center","top":"305px","left":"400px","background":"#0091F2","borderRadius":"6px","fontWeight":"bold","visibility":"visible"},"build":{"inEffect":"slide-top-small","inStart":800,"inEnd":2000,"inEasing":"easeOutQuad","inTransform":{"translate":{"y":-50},"opacity":"0","origin":{},"rotate":{},"scale":{},"skew":{}},"outEffect":"none","outStart":8000,"outEnd":8000,"outEasing":"easeInQuad","outTransform":{"opacity":"0","origin":{},"translate":{},"rotate":{},"scale":{},"skew":{}}},"index":4,"selected":false,"show":true,"lock":false,"timelineVisible":true,"link":"http://demo.joomlashine.com/joomla-extensions/jsn-easyslider/jsn-easyslider-overview.html?utm_source=detailpage&amp;utm_medium=button&amp;utm_campaign=JSNEasySlider","linkTarget":"_blank","video":{"type":"placeholder","url":"","id":"","volume":0.8,"autoplay":true,"loop":false,"controls":false},"image":{"type":"placeholder","url":"","id":"","width":0,"height":0},"items":[],"animation":{"in":{},"out":{}},"tagName":"DIV","origin":"0,0","style_T":{"visibility":"visible"},"style_M":{"visibility":"visible"}},{"type":"text","content":"Multipurpose content slider with super user-friendly interface","style":{"width":"1170px","height":"50px","color":"rgb(217, 217, 217)","fontFamily":"Roboto","fontSize":"22px","lineHeight":1,"textAlign":"center","alignItems":"center","top":"235px","left":"0px","fontWeight":"normal","background":"","visibility":"visible"},"build":{"inEffect":"slide-bottom","inStart":500,"inEnd":1500,"inEasing":"easeOutQuad","inTransform":{"translate":{"y":100},"opacity":"0","origin":{},"rotate":{},"scale":{},"skew":{}},"outEffect":"none","outStart":8000,"outEnd":8000,"outEasing":"easeInQuad","outTransform":{"opacity":"0","origin":{},"translate":{},"rotate":{},"scale":{},"skew":{}}},"index":5,"selected":false,"show":true,"lock":false,"video":{"type":"placeholder","url":"","id":"","volume":0.8,"autoplay":true,"loop":false,"controls":false},"image":{"type":"placeholder","url":"","id":"","width":0,"height":0},"timelineVisible":true,"items":[],"animation":{"in":{},"out":{}},"tagName":"DIV","origin":"0,0","style_T":{"visibility":"visible"},"style_M":{"visibility":"visible"}},{"type":"text","content":"Slider","style":{"width":"172px","height":"70px","color":"#FFFFFF","fontFamily":"Roboto","fontSize":"64px","textAlign":"center","alignItems":"center","top":"149px","left":"633px","visibility":"visible"},"selected":false,"build":{"inEffect":"flip-left","inStart":600,"inEnd":1300,"inEasing":"easeOutQuad","inTransform":{"rotate":{"y":-90},"opacity":"0","origin":{},"translate":{},"scale":{},"skew":{}},"outEffect":"none","outStart":8000,"outEnd":8000,"outEasing":"easeInQuad","outTransform":{"opacity":"0","origin":{},"translate":{},"rotate":{},"scale":{},"skew":{}}},"index":6,"show":true,"lock":false,"video":{"autoplay":true,"type":"placeholder","url":"","id":"","volume":0.8,"loop":false,"controls":false},"timelineVisible":true,"image":{"type":"placeholder","url":"","id":"","width":0,"height":0},"items":[],"animation":{"in":{},"out":{}},"tagName":"DIV","origin":"0,0","style_T":{"visibility":"visible"},"style_M":{"visibility":"visible"}},{"type":"text","content":" Easy","style":{"width":"155px","height":"72px","color":"#FFFFFF","fontFamily":"Roboto","fontSize":"64px","textAlign":"center","alignItems":"center","top":"147px","left":"487px","visibility":"visible"},"selected":false,"build":{"inEffect":"flip-left","inStart":400,"inEnd":1100,"inEasing":"easeOutQuad","inTransform":{"rotate":{"y":-90},"opacity":"0","origin":{},"translate":{},"scale":{},"skew":{}},"outEffect":"none","outStart":8000,"outEnd":8000,"outEasing":"easeInQuad","outTransform":{"opacity":"0","origin":{},"translate":{},"rotate":{},"scale":{},"skew":{}}},"index":7,"show":true,"lock":false,"video":{"autoplay":false,"type":"placeholder","url":"","id":"","volume":0.8,"loop":false,"controls":false},"timelineVisible":true,"image":{"type":"placeholder","url":"","id":"","width":0,"height":0},"items":[],"animation":{"in":{},"out":{}},"tagName":"DIV","origin":"0,0","style_T":{"visibility":"visible"},"style_M":{"visibility":"visible"}},{"type":"text","content":"JSN","style":{"width":"140px","height":"125px","color":"#FFFFFF","fontFamily":"Roboto","fontSize":"64px","lineHeight":1,"textAlign":"center","alignItems":"center","top":"122px","left":"363px","fontWeight":"bold","background":"","visibility":"visible"},"build":{"inEffect":"flip-left","inStart":200,"inEnd":900,"inEasing":"easeOutQuad","inTransform":{"rotate":{"y":-90},"opacity":"0","origin":{},"translate":{},"scale":{},"skew":{}},"outEffect":"none","outStart":8000,"outEnd":8000,"outEasing":"easeInQuad","outTransform":{"opacity":"0","origin":{},"translate":{},"rotate":{},"scale":{},"skew":{}}},"index":8,"selected":false,"show":true,"lock":false,"video":{"type":"placeholder","url":"","id":"","volume":0.8,"autoplay":true,"loop":false,"controls":false},"image":{"type":"placeholder","url":"","id":"","width":0,"height":0},"timelineVisible":true,"items":[],"animation":{"in":{},"out":{}},"tagName":"DIV","origin":"0,0","style_T":{"visibility":"visible"},"style_M":{"visibility":"visible"}}]},{"active":false,"index":1,"currentTime":6200,"backgroundColor":"rgba(170, 170, 170, 0)","backgroundPosition":"50% 50%","backgroundSize":"cover","backgroundImage":{"type":"extend","url":"https://lh3.googleusercontent.com/-miKSLDQkg-s/VY4HH4D_A3I/AAAAAAAAFCo/T-QB6GBBRL8/s1440/48a881b5a90e42ccceaa57a3fa193676.jpg","id":"4853b16c086166c7ae315930181fcd8b","width":0,"height":0},"transition":{"effect":"fade","delay":10000,"duration":1000,"rows":1,"cols":1,"startFrom":"left","type":1,"timing":"ease","delayRandom":false,"delayY":50,"delayX":50,"cubeDepth":"auto","cubeAnimation":"scale-rotate","cubeFace":"left","cubeAxis":"x","cubeRotate":1},"items":[{"type":"image","content":"hand.png","build":{"inEffect":"slide-bottom","inStart":5400,"inEnd":5900,"inEasing":"easeOutQuad","inTransform":{"translate":{"y":100},"opacity":"0","origin":{},"rotate":{},"scale":{},"skew":{}},"outEffect":"none","outStart":10000,"outEnd":10000,"outEasing":"easeInQuad","outTransform":{"opacity":"0","origin":{},"translate":{},"rotate":{},"scale":{},"skew":{}}},"image":{"type":"extend","url":"https://lh3.googleusercontent.com/-G6-N9NmyeTM/VY4R-GZ2-lI/AAAAAAAAFG8/gYIiqF0RIfY/s24/e6e6b414208e9dde784084591b5e3d43.png","id":"e6e6b414208e9dde784084591b5e3d43","width":0,"height":0,"change":false,"original":{"width":19,"height":24}},"index":0,"selected":false,"show":true,"lock":false,"style":{"top":"340px","left":"915px","width":"19px","height":"24px","background":"rgba(140, 198, 62, 0)","visibility":"visible"},"timelineVisible":true,"video":{"type":"placeholder","url":"","id":"","volume":0.8,"autoplay":true,"loop":false,"controls":false},"items":[],"animation":{"in":{},"out":{}},"tagName":"DIV","origin":"0,0","style_T":{"visibility":"visible"},"style_M":{"visibility":"visible"}},{"type":"image","content":"Ellipse-14.png","build":{"inEffect":"slide-left","inStart":5300,"inEnd":5800,"inEasing":"easeOutQuad","inTransform":{"translate":{"x":-100},"opacity":"0","origin":{},"rotate":{},"scale":{},"skew":{}},"outEffect":"none","outStart":10000,"outEnd":10000,"outEasing":"easeInQuad","outTransform":{"opacity":"0","origin":{},"translate":{},"rotate":{},"scale":{},"skew":{}}},"image":{"type":"extend","url":"https://lh3.googleusercontent.com/-7CxZxHLTWUg/VY4HAsm9vrI/AAAAAAAAFCI/4BCWHSTn6pg/s37/078e317de5915c3784c3a386d7964c49.png","id":"078e317de5915c3784c3a386d7964c49","width":0,"height":0,"change":false,"original":{"width":37,"height":27}},"index":1,"selected":false,"show":true,"lock":false,"style":{"top":"315px","left":"886px","width":"37px","height":"27px","background":"rgba(140, 198, 62, 0)","visibility":"visible"},"timelineVisible":true,"video":{"type":"placeholder","url":"","id":"","volume":0.8,"autoplay":true,"loop":false,"controls":false},"items":[],"animation":{"in":{},"out":{}},"tagName":"DIV","origin":"0,0","style_T":{"visibility":"visible"},"style_M":{"visibility":"visible"}},{"type":"image","content":"Rectangle-49.png","build":{"inEffect":"slide-bottom","inStart":5200,"inEnd":6000,"inEasing":"easeOutQuad","inTransform":{"translate":{"y":100},"opacity":"0","origin":{},"rotate":{},"scale":{},"skew":{}},"outEffect":"none","outStart":10000,"outEnd":10000,"outEasing":"easeInQuad","outTransform":{"opacity":"0","origin":{},"translate":{},"rotate":{},"scale":{},"skew":{}}},"image":{"type":"extend","url":"https://lh3.googleusercontent.com/-lNdMWsII4nE/VY4HI0uODuI/AAAAAAAAFDc/HXI6jyyVkIc/s50/74d16afca0e7580eeb3d73617fa39841.png","id":"74d16afca0e7580eeb3d73617fa39841","width":0,"height":0,"change":false,"original":{"width":50,"height":25}},"index":2,"selected":false,"show":true,"lock":false,"style":{"top":"316px","left":"880px","width":"50px","height":"25px","background":"rgba(140, 198, 62, 0)","visibility":"visible"},"timelineVisible":true,"video":{"autoplay":false,"type":"placeholder","url":"","id":"","volume":0.8,"loop":false,"controls":false},"items":[],"animation":{"in":{},"out":{}},"tagName":"DIV","origin":"0,0","style_T":{"visibility":"visible"},"style_M":{"visibility":"visible"}},{"type":"image","content":"Traffic-Light3.png","build":{"inEffect":"bounce","inStart":5000,"inEnd":5800,"inEasing":"easeOutElastic","inTransform":{"scale":{"x":0.5,"y":0.5},"opacity":"0","origin":{},"translate":{},"rotate":{},"skew":{}},"outEffect":"none","outStart":10000,"outEnd":10000,"outEasing":"easeInQuad","outTransform":{"opacity":"0","origin":{},"translate":{},"rotate":{},"scale":{},"skew":{}}},"image":{"type":"extend","url":"https://lh3.googleusercontent.com/-8erq4eR2zHc/VY4HAqmE5DI/AAAAAAAAFB4/c-D4uTdUu20/s102/08233b504ba8b0d977efcf78b9613975.png","id":"5fbee8bff34af52f5fb902b3dd620c42","width":0,"height":0,"change":false,"original":{"width":102,"height":84}},"index":3,"selected":false,"show":true,"lock":false,"style":{"top":"285px","left":"856px","width":"102px","height":"84px","background":"rgba(140, 198, 62, 0)","visibility":"visible"},"timelineVisible":true,"video":{"type":"placeholder","url":"","id":"","volume":0.8,"autoplay":true,"loop":false,"controls":false},"items":[],"animation":{"in":{},"out":{}},"tagName":"DIV","origin":"0,0","style_T":{"visibility":"visible"},"style_M":{"visibility":"visible"}},{"type":"text","content":"","style":{"width":"170px","height":"170px","color":"#000000","fontFamily":"Open Sans","fontSize":"24px","lineHeight":1,"textAlign":"center","alignItems":"center","top":"240px","left":"821px","background":"#5491CA","borderRadius":"50%","visibility":"visible"},"build":{"inEffect":"scale-up","inStart":4500,"inEnd":5000,"inEasing":"easeOutQuad","inTransform":{"scale":{"x":0,"y":0},"opacity":"0","origin":{},"translate":{},"rotate":{},"skew":{}},"outEffect":"none","outStart":10000,"outEnd":10000,"outEasing":"easeInQuad","outTransform":{"opacity":"0","origin":{},"translate":{},"rotate":{},"scale":{},"skew":{}}},"index":4,"selected":false,"show":true,"lock":false,"video":{"autoplay":false,"type":"placeholder","url":"","id":"","volume":0.8,"loop":false,"controls":false},"image":{"type":"placeholder","url":"","id":"","width":0,"height":0},"timelineVisible":true,"items":[],"animation":{"in":{},"out":{}},"tagName":"DIV","origin":"0,0","style_T":{"visibility":"visible"},"style_M":{"visibility":"visible"}},{"type":"image","content":"Icon.png","build":{"inEffect":"slide-right","inStart":3600,"inEnd":4100,"inEasing":"easeOutQuad","inTransform":{"translate":{"x":100},"opacity":"0","origin":{},"rotate":{},"scale":{},"skew":{}},"outEffect":"none","outStart":10000,"outEnd":10000,"outEasing":"easeInQuad","outTransform":{"opacity":"0","origin":{},"translate":{},"rotate":{},"scale":{},"skew":{}}},"image":{"type":"extend","url":"https://lh3.googleusercontent.com/-yB4mX5nP650/VY4HJs-LHQI/AAAAAAAAFDM/kvIKTMRY34Q/s47/7783e476a60c223ccad9af1af2f9216f.png","id":"7783e476a60c223ccad9af1af2f9216f","width":0,"height":0,"change":false,"original":{"width":47,"height":47}},"index":5,"selected":false,"show":true,"lock":false,"style":{"top":"330px","left":"591px","width":"47px","height":"47px","background":"rgba(140, 198, 62, 0)","visibility":"visible"},"timelineVisible":true,"video":{"type":"placeholder","url":"","id":"","volume":0.8,"autoplay":true,"loop":false,"controls":false},"items":[],"animation":{"in":{},"out":{}},"tagName":"DIV","origin":"0,0","style_T":{"visibility":"visible"},"style_M":{"visibility":"visible"}},{"type":"image","content":"Text.png","build":{"inEffect":"slide-bottom","inStart":3600,"inEnd":4100,"inEasing":"easeOutQuad","inTransform":{"translate":{"y":100},"opacity":"0","origin":{},"rotate":{},"scale":{},"skew":{}},"outEffect":"none","outStart":10000,"outEnd":10000,"outEasing":"easeInQuad","outTransform":{"opacity":"0","origin":{},"translate":{},"rotate":{},"scale":{},"skew":{}}},"image":{"type":"extend","url":"https://lh3.googleusercontent.com/-n9q3Q9tvh58/VY4HH-yjS8I/AAAAAAAAFDQ/4RltUcUeYdU/s39/3a8e8b5e9f25bd7d362213143769b212.png","id":"3a8e8b5e9f25bd7d362213143769b212","width":0,"height":0,"change":false,"original":{"width":39,"height":22}},"index":6,"selected":false,"show":true,"lock":false,"style":{"top":"332px","left":"542px","width":"39px","height":"22px","background":"rgba(84, 145, 202, 0)","visibility":"visible"},"timelineVisible":true,"video":{"type":"placeholder","url":"","id":"","volume":0.8,"autoplay":true,"loop":false,"controls":false},"items":[],"animation":{"in":{},"out":{}},"tagName":"DIV","origin":"0,0","style_T":{"visibility":"visible"},"style_M":{"visibility":"visible"}},{"type":"image","content":"Video2.png","build":{"inEffect":"slide-left","inStart":3500,"inEnd":4300,"inEasing":"easeOutQuad","inTransform":{"translate":{"x":-100},"opacity":"0","origin":{},"rotate":{},"scale":{},"skew":{}},"outEffect":"none","outStart":10000,"outEnd":10000,"outEasing":"easeInQuad","outTransform":{"opacity":"0","origin":{},"translate":{},"rotate":{},"scale":{},"skew":{}}},"image":{"type":"extend","url":"https://lh3.googleusercontent.com/-edt8T99kvKg/VY4HPxnngRI/AAAAAAAAFE0/pTdI1l8OCoU/s42/badd6fd72cb9d99333c31ec80815afd4.png","id":"badd6fd72cb9d99333c31ec80815afd4","width":0,"height":0,"change":false,"original":{"width":42,"height":30}},"index":7,"selected":false,"show":true,"lock":false,"style":{"top":"297px","left":"542px","width":"42px","height":"30px","background":"#8CC63E","visibility":"visible"},"timelineVisible":true,"video":{"type":"placeholder","url":"","id":"","volume":0.8,"autoplay":true,"loop":false,"controls":false},"items":[],"animation":{"in":{},"out":{}},"tagName":"DIV","origin":"0,0","style_T":{"visibility":"visible"},"style_M":{"visibility":"visible"}},{"type":"image","content":"Image2.png","build":{"inEffect":"slide-right","inStart":3500,"inEnd":4300,"inEasing":"easeOutQuad","inTransform":{"translate":{"x":100},"opacity":"0","origin":{},"rotate":{},"scale":{},"skew":{}},"outEffect":"none","outStart":10000,"outEnd":10000,"outEasing":"easeInQuad","outTransform":{"opacity":"0","origin":{},"translate":{},"rotate":{},"scale":{},"skew":{}}},"image":{"type":"extend","url":"https://lh3.googleusercontent.com/-nuzLOMsPQFY/VY4HAm207UI/AAAAAAAAFBs/FE-AD_cVAUc/s42/0bb247384a39d957e984884ddc808cc0.png","id":"0bb247384a39d957e984884ddc808cc0","width":0,"height":0,"change":false,"original":{"width":42,"height":30}},"index":8,"selected":false,"show":true,"lock":false,"style":{"top":"297px","left":"588px","width":"42px","height":"30px","background":"#5491CA","visibility":"visible"},"timelineVisible":true,"video":{"type":"placeholder","url":"","id":"","volume":0.8,"autoplay":true,"loop":false,"controls":false},"items":[],"animation":{"in":{},"out":{}},"tagName":"DIV","origin":"0,0","style_T":{"visibility":"visible"},"style_M":{"visibility":"visible"}},{"type":"image","content":"Traffic-Light2.png","build":{"inEffect":"bounce","inStart":3100,"inEnd":3800,"inEasing":"easeOutElastic","inTransform":{"scale":{"x":0.5,"y":0.5},"opacity":"0","origin":{},"translate":{},"rotate":{},"skew":{}},"outEffect":"none","outStart":10000,"outEnd":10000,"outEasing":"easeInQuad","outTransform":{"opacity":"0","origin":{},"translate":{},"rotate":{},"scale":{},"skew":{}}},"image":{"type":"extend","url":"https://lh3.googleusercontent.com/-8erq4eR2zHc/VY4HAqmE5DI/AAAAAAAAFB4/c-D4uTdUu20/s128/08233b504ba8b0d977efcf78b9613975.png","id":"08233b504ba8b0d977efcf78b9613975","width":0,"height":0,"change":false,"original":{"width":102,"height":84}},"index":9,"selected":false,"show":true,"lock":false,"style":{"top":"280px","left":"535px","width":"102px","height":"84px","background":"rgba(252, 143, 48, 0)","color":"#F7F7F7","visibility":"visible"},"timelineVisible":true,"video":{"type":"placeholder","url":"","id":"","volume":0.8,"autoplay":true,"loop":false,"controls":false},"items":[],"animation":{"in":{},"out":{}},"tagName":"DIV","origin":"0,0","style_T":{"visibility":"visible"},"style_M":{"visibility":"visible"}},{"type":"text","content":"","style":{"width":"170px","height":"170px","color":"#F7F7F7","fontFamily":"Open Sans","fontSize":"24px","lineHeight":1,"textAlign":"center","alignItems":"center","top":"240px","left":"500px","background":"#8CC63E","borderRadius":"50%","visibility":"visible"},"build":{"inEffect":"scale-up","inStart":2600,"inEnd":3100,"inEasing":"easeOutQuad","inTransform":{"scale":{"x":0,"y":0},"opacity":"0","origin":{},"translate":{},"rotate":{},"skew":{}},"outEffect":"none","outStart":10000,"outEnd":10000,"outEasing":"easeInQuad","outTransform":{"opacity":"0","origin":{},"translate":{},"rotate":{},"scale":{},"skew":{}}},"index":10,"selected":false,"show":true,"lock":false,"video":{"autoplay":false,"type":"placeholder","url":"","id":"","volume":0.8,"loop":false,"controls":false},"image":{"type":"placeholder","url":"","id":"","width":0,"height":0},"timelineVisible":true,"items":[],"animation":{"in":{},"out":{}},"tagName":"DIV","origin":"0,0","style_T":{"visibility":"visible"},"style_M":{"visibility":"visible"}},{"type":"image","content":"Items.png","build":{"inEffect":"slide-left","inStart":1300,"inEnd":1900,"inEasing":"easeOutQuad","inTransform":{"translate":{"x":-100},"opacity":"0","origin":{},"rotate":{},"scale":{},"skew":{}},"outEffect":"none","outStart":10000,"outEnd":10000,"outEasing":"easeInQuad","outTransform":{"opacity":"0","origin":{},"translate":{},"rotate":{},"scale":{},"skew":{}}},"image":{"type":"extend","url":"https://lh3.googleusercontent.com/-jy1RGxeLbPw/VY4HKJl15mI/AAAAAAAAFDA/lGzYLN-eC44/s62/8529f718f4e1cdad6dbcd04f941c97a7.png","id":"8529f718f4e1cdad6dbcd04f941c97a7","width":0,"height":0,"change":false,"original":{"width":32,"height":62}},"index":11,"selected":false,"show":true,"lock":false,"style":{"top":"296px","left":"217px","width":"32px","height":"62px","visibility":"visible"},"timelineVisible":true,"video":{"type":"placeholder","url":"","id":"","volume":0.8,"autoplay":true,"loop":false,"controls":false},"items":[],"animation":{"in":{},"out":{}},"tagName":"DIV","origin":"0,0","style_T":{"visibility":"visible"},"style_M":{"visibility":"visible"}},{"type":"image","content":"Image.jpg","build":{"inEffect":"slide-bottom","inStart":1300,"inEnd":1900,"inEasing":"easeOutQuad","inTransform":{"translate":{"y":100},"opacity":"0","origin":{},"rotate":{},"scale":{},"skew":{}},"outEffect":"none","outStart":10000,"outEnd":10000,"outEasing":"easeInQuad","outTransform":{"opacity":"0","origin":{},"translate":{},"rotate":{},"scale":{},"skew":{}}},"image":{"type":"extend","url":"https://lh3.googleusercontent.com/-zusNSqv8UIc/VY4HQGfcH9I/AAAAAAAAFD0/0J8yqqmAVoo/s52/c67947a0092d6ddd30955f3a5a6de864.jpg","id":"c67947a0092d6ddd30955f3a5a6de864","width":0,"height":0,"change":false,"original":{"width":52,"height":27}},"index":12,"selected":false,"show":true,"lock":false,"style":{"top":"331px","left":"253px","width":"52px","height":"27px","background":"#NANNAN0A","visibility":"visible"},"timelineVisible":true,"video":{"type":"placeholder","url":"","id":"","volume":0.8,"autoplay":true,"loop":false,"controls":false},"items":[],"animation":{"in":{},"out":{}},"tagName":"DIV","origin":"0,0","style_T":{"visibility":"visible"},"style_M":{"visibility":"visible"}},{"type":"image","content":"Video.jpg","build":{"inEffect":"slide-right","inStart":1100,"inEnd":1900,"inEasing":"easeOutQuad","inTransform":{"translate":{"x":100},"opacity":"0","origin":{},"rotate":{},"scale":{},"skew":{}},"outEffect":"none","outStart":10000,"outEnd":10000,"outEasing":"easeInQuad","outTransform":{"opacity":"0","origin":{},"translate":{},"rotate":{},"scale":{},"skew":{}}},"image":{"type":"extend","url":"https://lh3.googleusercontent.com/-s6y_WDNpn5E/VY4HBvZQWAI/AAAAAAAAFCM/LGqLMvwxP_I/s52/0bec67e90ec6294f47c84248993f5756.jpg","id":"0bec67e90ec6294f47c84248993f5756","width":0,"height":0,"change":false,"original":{"width":52,"height":30}},"index":13,"selected":false,"show":true,"lock":false,"style":{"top":"296px","left":"253px","width":"52px","height":"30px","background":"#NANNAN0A","visibility":"visible"},"timelineVisible":true,"video":{"type":"placeholder","url":"","id":"","volume":0.8,"autoplay":true,"loop":false,"controls":false},"items":[],"animation":{"in":{},"out":{}},"tagName":"DIV","origin":"0,0","style_T":{"visibility":"visible"},"style_M":{"visibility":"visible"}},{"type":"text","content":"Create and decorate \"Items\": Text, image, video","style":{"width":"250px","height":"50px","color":"rgb(217, 217, 217)","fontFamily":"Roboto","fontSize":"18px","lineHeight":"1.4em","textAlign":"center","alignItems":"center","top":"429px","left":"130px","fontWeight":"normal","background":"rgba(84, 145, 202, 0)","visibility":"visible"},"build":{"inEffect":"slide-bottom","inStart":1300,"inEnd":2500,"inEasing":"easeOutQuad","inTransform":{"translate":{"y":100},"opacity":"0","origin":{},"rotate":{},"scale":{},"skew":{}},"outEffect":"none","outStart":10000,"outEnd":10000,"outEasing":"easeInQuad","outTransform":{"opacity":"0","origin":{},"translate":{},"rotate":{},"scale":{},"skew":{}}},"index":14,"selected":false,"show":true,"lock":false,"video":{"type":"placeholder","url":"","id":"","volume":0.8,"autoplay":true,"loop":false,"controls":false},"image":{"type":"placeholder","url":"","id":"","width":0,"height":0},"timelineVisible":true,"items":[],"animation":{"in":{},"out":{}},"tagName":"DIV","origin":"0,0","style_T":{"visibility":"visible"},"style_M":{"visibility":"visible"}},{"type":"image","content":"Traffic-Light.png","build":{"inEffect":"bounce","inStart":800,"inEnd":1600,"inEasing":"easeOutElastic","inTransform":{"scale":{"x":0.5,"y":0.5},"opacity":"0","origin":{},"translate":{},"rotate":{},"skew":{}},"outEffect":"none","outStart":10000,"outEnd":10000,"outEasing":"easeInQuad","outTransform":{"opacity":"0","origin":{},"translate":{},"rotate":{},"scale":{},"skew":{}}},"image":{"type":"extend","url":"https://lh3.googleusercontent.com/-8erq4eR2zHc/VY4HAqmE5DI/AAAAAAAAFB4/c-D4uTdUu20/s128/08233b504ba8b0d977efcf78b9613975.png","id":"9af69bc4ffc35470444f85829275bbb0","width":0,"height":0,"change":false,"original":{"width":102,"height":84}},"index":15,"selected":false,"show":true,"lock":false,"style":{"top":"280px","left":"210px","width":"102px","height":"84px","background":"rgba(23, 90, 153, 0)","visibility":"visible"},"timelineVisible":true,"video":{"type":"placeholder","url":"","id":"","volume":0.8,"autoplay":true,"loop":false,"controls":false},"items":[],"animation":{"in":{},"out":{}},"tagName":"DIV","origin":"0,0","style_T":{"visibility":"visible"},"style_M":{"visibility":"visible"}},{"type":"text","content":"","style":{"width":"170px","height":"170px","color":"#FFFFFF","fontFamily":"Open Sans","fontSize":"24px","lineHeight":1,"textAlign":"center","alignItems":"center","top":"240px","left":"175px","background":"#FC8F30","borderRadius":"50%","visibility":"visible"},"build":{"inEffect":"scale-up","inStart":600,"inEnd":1200,"inEasing":"easeOutQuad","inTransform":{"scale":{"x":0,"y":0},"opacity":"0","origin":{},"translate":{},"rotate":{},"skew":{}},"outEffect":"none","outStart":10000,"outEnd":10000,"outEasing":"easeInQuad","outTransform":{"opacity":"0","origin":{},"translate":{},"rotate":{},"scale":{},"skew":{}}},"index":16,"selected":false,"show":true,"lock":false,"video":{"autoplay":false,"type":"placeholder","url":"","id":"","volume":0.8,"loop":false,"controls":false},"timelineVisible":true,"image":{"type":"placeholder","url":"","id":"","width":0,"height":0},"items":[],"animation":{"in":{},"out":{}},"tagName":"DIV","origin":"0,0","style_T":{"visibility":"visible"},"style_M":{"visibility":"visible"}},{"type":"text","content":"Choose transition between slides to produce a \"Slider\"","style":{"width":"250px","height":"50px","color":"rgb(217, 217, 217)","fontFamily":"Roboto","fontSize":"18px","lineHeight":"1.4em","textAlign":"center","alignItems":"center","top":"424px","left":"780px","fontWeight":"normal","background":"rgba(84, 145, 202, 0)","visibility":"visible"},"build":{"inEffect":"slide-bottom","inStart":5000,"inEnd":6200,"inEasing":"easeOutQuad","inTransform":{"translate":{"y":100},"opacity":"0","origin":{},"rotate":{},"scale":{},"skew":{}},"outEffect":"none","outStart":10000,"outEnd":10000,"outEasing":"easeInQuad","outTransform":{"opacity":"0","origin":{},"translate":{},"rotate":{},"scale":{},"skew":{}}},"index":17,"selected":false,"show":true,"lock":false,"video":{"type":"placeholder","url":"","id":"","volume":0.8,"autoplay":true,"loop":false,"controls":false},"image":{"type":"placeholder","url":"","id":"","width":0,"height":0},"timelineVisible":true,"items":[],"animation":{"in":{},"out":{}},"tagName":"DIV","origin":"0,0","style_T":{"visibility":"visible"},"style_M":{"visibility":"visible"}},{"type":"text","content":"Arrange items &amp; choose effects to form a \"Slide\"","style":{"width":"250px","height":"50px","color":"rgb(217, 217, 217)","fontFamily":"Roboto","fontSize":"18px","lineHeight":"1.4em","textAlign":"center","alignItems":"center","top":"424px","left":"460px","fontWeight":"normal","background":"rgba(84, 145, 202, 0)","visibility":"visible"},"build":{"inEffect":"slide-bottom","inStart":3300,"inEnd":4500,"inEasing":"easeOutQuad","inTransform":{"translate":{"y":100},"opacity":"0","origin":{},"rotate":{},"scale":{},"skew":{}},"outEffect":"none","outStart":10000,"outEnd":10000,"outEasing":"easeInQuad","outTransform":{"opacity":"0","origin":{},"translate":{},"rotate":{},"scale":{},"skew":{}}},"index":18,"selected":false,"show":true,"lock":false,"video":{"type":"placeholder","url":"","id":"","volume":0.8,"autoplay":true,"loop":false,"controls":false},"image":{"type":"placeholder","url":"","id":"","width":0,"height":0},"timelineVisible":true,"items":[],"animation":{"in":{},"out":{}},"tagName":"DIV","origin":"0,0","style_T":{"visibility":"visible"},"style_M":{"visibility":"visible"}},{"type":"text","content":"Extremely easy to present\nmultiple content via a slider","style":{"width":"585px","height":"125px","color":"#FFFFFF","fontFamily":"Roboto","fontSize":"44px","lineHeight":"1.2em","textAlign":"center","alignItems":"center","top":"61px","left":"285px","fontWeight":"bold","background":"rgba(252, 143, 48, 0)","visibility":"visible"},"build":{"inEffect":"slide-top","inStart":0,"inEnd":900,"inEasing":"easeOutQuad","inTransform":{"translate":{"y":-100},"opacity":"0","origin":{},"rotate":{},"scale":{},"skew":{}},"outEffect":"none","outStart":10000,"outEnd":10000,"outEasing":"easeInQuad","outTransform":{"opacity":"0","origin":{},"translate":{},"rotate":{},"scale":{},"skew":{}}},"index":19,"selected":false,"show":true,"lock":false,"video":{"type":"placeholder","url":"","id":"","volume":0.8,"autoplay":false,"loop":false,"controls":false},"image":{"type":"placeholder","url":"","id":"","width":0,"height":0},"timelineVisible":true,"items":[],"animation":{"in":{},"out":{}},"tagName":"DIV","origin":"0,0","style_T":{"visibility":"visible"},"style_M":{"visibility":"visible"}}]},{"active":false,"index":2,"currentTime":2400,"backgroundColor":"#171920","backgroundPosition":"50% 50%","backgroundSize":"100%","backgroundImage":{"type":"placeholder","url":"","id":"","width":0,"height":0},"transition":{"effect":"fade","delay":13500,"duration":1000,"rows":1,"cols":1,"startFrom":"left","type":1,"timing":"ease","delayRandom":false,"delayY":50,"delayX":50,"cubeDepth":"auto","cubeAnimation":"scale-rotate","cubeFace":"left","cubeAxis":"x","cubeRotate":1},"items":[{"type":"text","content":"Super user-friendly interface","style":{"width":"1190px","height":"75px","color":"#FFFFFF","fontFamily":"Roboto","fontSize":"46px","textAlign":"center","alignItems":"center","top":"70px","left":"-13px","fontWeight":"bold","visibility":"visible"},"selected":false,"build":{"inEffect":"slide-top","inStart":0,"inEnd":800,"inEasing":"easeOutQuad","inTransform":{"translate":{"y":-100},"opacity":"0","origin":{},"rotate":{},"scale":{},"skew":{}},"outEffect":"none","outStart":13500,"outEnd":13500,"outEasing":"easeInQuad","outTransform":{"opacity":"0","origin":{},"translate":{},"rotate":{},"scale":{},"skew":{}}},"index":0,"show":true,"lock":false,"video":{"autoplay":false,"type":"placeholder","url":"","id":"","volume":0.8,"loop":false,"controls":false},"timelineVisible":true,"image":{"type":"placeholder","url":"","id":"","width":0,"height":0},"items":[],"animation":{"in":{},"out":{}},"tagName":"DIV","origin":"0,0","style_T":{"visibility":"visible"},"style_M":{"visibility":"visible"}},{"type":"text","content":"VISUAL  FUNDAMENTAL PARAMETERS","style":{"width":"210px","height":"60px","color":"#FFFFFF","fontFamily":"Helvetica","fontSize":"16px","textAlign":"left","alignItems":"center","top":"188px","left":"907px","visibility":"visible"},"selected":false,"build":{"inEffect":"flip-right","inStart":8700,"inEnd":9000,"inEasing":"easeOutQuad","inTransform":{"rotate":{"y":90},"opacity":"0","origin":{},"translate":{},"scale":{},"skew":{}},"outEffect":"flip-left","outStart":10500,"outEnd":10800,"outEasing":"easeInQuad","outTransform":{"rotate":{"y":-90},"opacity":"0","origin":{},"translate":{},"scale":{},"skew":{}}},"index":1,"show":true,"lock":false,"video":{"autoplay":false,"type":"placeholder","url":"","id":"","volume":0.8,"loop":false,"controls":false},"timelineVisible":false,"image":{"type":"placeholder","url":"","id":"","width":0,"height":0},"items":[],"animation":{"in":{},"out":{}},"tagName":"DIV","origin":"0,0","style_T":{"visibility":"visible"},"style_M":{"visibility":"visible"}},{"type":"image","content":"line4.png","build":{"inEffect":"none","inStart":8600,"inEnd":8800,"inEasing":"easeOutQuad","inTransform":{"opacity":"0","origin":{},"translate":{},"rotate":{},"scale":{},"skew":{}},"outEffect":"none","outStart":10600,"outEnd":10800,"outEasing":"easeInQuad","outTransform":{"opacity":"0","origin":{},"translate":{},"rotate":{},"scale":{},"skew":{}}},"image":{"type":"extend","url":"https://lh3.googleusercontent.com/-Hr6AixqNZic/VY4RSnIqFLI/AAAAAAAAFGA/eTJJTTNA18E/s293/c27ca2b1af25f9916dded77b04db6a9f.png","id":"c27ca2b1af25f9916dded77b04db6a9f","width":0,"height":0,"change":false,"original":{"width":293,"height":95}},"index":2,"selected":false,"show":true,"lock":false,"style":{"top":"234px","left":"757px","width":"293px","height":"95px","color":"#FFFFFF","visibility":"visible"},"timelineVisible":false,"video":{"type":"placeholder","url":"","id":"","volume":0.8,"autoplay":true,"loop":false,"controls":false},"items":[],"animation":{"in":{},"out":{}},"tagName":"DIV","origin":"0,0","style_T":{"visibility":"visible"},"style_M":{"visibility":"visible"}},{"type":"text","content":"POWERFUL TIMELINE EDITOR&lt;br&gt;","style":{"width":"150px","height":"60px","color":"#FFFFFF","fontFamily":"Helvetica","fontSize":"16px","textAlign":"left","alignItems":"center","top":"358px","left":"910px","fontWeight":"normal","visibility":"visible"},"selected":false,"build":{"inEffect":"flip-right","inStart":6500,"inEnd":6800,"inEasing":"easeOutQuad","inTransform":{"rotate":{"y":90},"opacity":"0","origin":{},"translate":{},"scale":{},"skew":{}},"outEffect":"flip-left","outStart":8300,"outEnd":8600,"outEasing":"easeInQuad","outTransform":{"rotate":{"y":-90},"opacity":"0","origin":{},"translate":{},"scale":{},"skew":{}}},"index":3,"show":true,"lock":false,"video":{"autoplay":false,"type":"placeholder","url":"","id":"","volume":0.8,"loop":false,"controls":false},"timelineVisible":false,"image":{"type":"placeholder","url":"","id":"","width":0,"height":0},"items":[],"animation":{"in":{},"out":{}},"tagName":"DIV","origin":"0,0","style_T":{"visibility":"visible"},"style_M":{"visibility":"visible"}},{"type":"image","content":"line3.png","build":{"inEffect":"none","inStart":6400,"inEnd":6600,"inEasing":"easeOutQuad","inTransform":{"opacity":"0","origin":{},"translate":{},"rotate":{},"scale":{},"skew":{}},"outEffect":"none","outStart":8400,"outEnd":8600,"outEasing":"easeInQuad","outTransform":{"opacity":"0","origin":{},"translate":{},"rotate":{},"scale":{},"skew":{}}},"image":{"type":"extend","url":"https://lh3.googleusercontent.com/-Itfze9BOuXs/VY4RdYBsqyI/AAAAAAAAFGU/so8kq3q5dz0/s633/b468b13223e7138ffeba5ea0b7ad3327.png","id":"b468b13223e7138ffeba5ea0b7ad3327","width":0,"height":0,"change":false,"original":{"width":633,"height":92}},"index":4,"selected":false,"show":true,"lock":false,"style":{"top":"412px","left":"417px","width":"633px","height":"92px","color":"#FFFFFF","visibility":"visible"},"timelineVisible":false,"video":{"type":"placeholder","url":"","id":"","volume":0.8,"autoplay":true,"loop":false,"controls":false},"items":[],"animation":{"in":{},"out":{}},"tagName":"DIV","origin":"0,0","style_T":{"visibility":"visible"},"style_M":{"visibility":"visible"}},{"type":"text","content":"LAYER MANAGEMENT&lt;br&gt;","style":{"width":"185px","height":"60px","color":"#FFFFFF","fontFamily":"Helvetica","fontSize":"16px","textAlign":"left","alignItems":"center","top":"389px","left":"96px","visibility":"visible"},"selected":false,"build":{"inEffect":"flip-right","inStart":4300,"inEnd":4600,"inEasing":"easeOutQuad","inTransform":{"rotate":{"y":90},"opacity":"0","origin":{},"translate":{},"scale":{},"skew":{}},"outEffect":"flip-left","outStart":6100,"outEnd":6400,"outEasing":"easeInQuad","outTransform":{"rotate":{"y":-90},"opacity":"0","origin":{},"translate":{},"scale":{},"skew":{}}},"index":5,"show":true,"lock":false,"video":{"autoplay":false,"type":"placeholder","url":"","id":"","volume":0.8,"loop":false,"controls":false},"timelineVisible":false,"image":{"type":"placeholder","url":"","id":"","width":0,"height":0},"items":[],"animation":{"in":{},"out":{}},"tagName":"DIV","origin":"0,0","style_T":{"visibility":"visible"},"style_M":{"visibility":"visible"}},{"type":"image","content":"line2.png","build":{"inEffect":"none","inStart":4200,"inEnd":4400,"inEasing":"easeOutQuad","inTransform":{"opacity":"0","origin":{},"translate":{},"rotate":{},"scale":{},"skew":{}},"outEffect":"none","outStart":6200,"outEnd":6400,"outEasing":"easeInQuad","outTransform":{"opacity":"0","origin":{},"translate":{},"rotate":{},"scale":{},"skew":{}}},"image":{"type":"extend","url":"https://lh3.googleusercontent.com/-mY3hE99exds/VY4RqN-2OEI/AAAAAAAAFGo/yT1z2cClK84/s311/5acbc22da50e45ca3c09ee37b25ee257.png","id":"5acbc22da50e45ca3c09ee37b25ee257","width":0,"height":0,"change":false,"original":{"width":311,"height":69}},"index":6,"selected":false,"show":true,"lock":false,"style":{"top":"435px","left":"95px","width":"311px","height":"69px","color":"#FFFFFF","visibility":"visible"},"timelineVisible":false,"video":{"type":"placeholder","url":"","id":"","volume":0.8,"autoplay":true,"loop":false,"controls":false},"items":[],"animation":{"in":{},"out":{}},"tagName":"DIV","origin":"0,0","style_T":{"visibility":"visible"},"style_M":{"visibility":"visible"}},{"type":"text","content":"LIVE PREVIEW","style":{"width":"155px","height":"60px","color":"#FFFFFF","fontFamily":"Helvetica","fontSize":"16px","textAlign":"center","alignItems":"center","top":"250px","left":"142px","visibility":"visible"},"selected":false,"build":{"inEffect":"flip-right","inStart":2100,"inEnd":2500,"inEasing":"easeOutQuad","inTransform":{"rotate":{"y":90},"opacity":"0","origin":{},"translate":{},"scale":{},"skew":{}},"outEffect":"flip-left","outStart":3900,"outEnd":4200,"outEasing":"easeInQuad","outTransform":{"rotate":{"y":-90},"opacity":"0","origin":{},"translate":{},"scale":{},"skew":{}}},"index":7,"show":true,"lock":false,"timelineVisible":true,"video":{"autoplay":false,"type":"placeholder","url":"","id":"","volume":0.8,"loop":false,"controls":false},"image":{"type":"placeholder","url":"","id":"","width":0,"height":0},"items":[],"animation":{"in":{},"out":{}},"tagName":"DIV","origin":"0,0","style_T":{"visibility":"visible"},"style_M":{"visibility":"visible"}},{"type":"image","content":"line1.png","build":{"inEffect":"none","inStart":2000,"inEnd":2200,"inEasing":"easeOutQuad","inTransform":{"opacity":"0","origin":{},"translate":{},"rotate":{},"scale":{},"skew":{}},"outEffect":"none","outStart":4000,"outEnd":4200,"outEasing":"easeInQuad","outTransform":{"opacity":"0","origin":{},"translate":{},"rotate":{},"scale":{},"skew":{}}},"image":{"type":"extend","url":"https://lh3.googleusercontent.com/-miwMTNN3ZTY/VY4JOfk-GyI/AAAAAAAAFFQ/T7i7YdGJ_Zc/s593/0d88eb9766f9117b86fcb118f9796786.png","id":"0d88eb9766f9117b86fcb118f9796786","width":0,"height":0,"change":false,"original":{"width":593,"height":217}},"index":8,"selected":false,"show":true,"lock":false,"style":{"top":"220px","left":"162px","width":"593px","height":"217px","color":"#FFFFFF","visibility":"visible"},"timelineVisible":true,"video":{"autoplay":true,"type":"placeholder","url":"","id":"","volume":0.8,"loop":false,"controls":false},"items":[],"animation":{"in":{},"out":{}},"tagName":"DIV","origin":"0,0","style_T":{"visibility":"visible"},"style_M":{"visibility":"visible"}},{"type":"image","content":"Screen.png","build":{"inEffect":"flip-left","inStart":900,"inEnd":1500,"inEasing":"easeOutQuad","inTransform":{"rotate":{"y":-90},"opacity":"0","origin":{},"translate":{},"scale":{},"skew":{}},"outEffect":"none","outStart":13500,"outEnd":13500,"outEasing":"easeInQuad","outTransform":{"opacity":"0","origin":{},"translate":{},"rotate":{},"scale":{},"skew":{}}},"image":{"type":"extend","url":"https://lh3.googleusercontent.com/-_MLCJUjyiRE/VY4HKageogI/AAAAAAAAFDI/Nkj29-Ph3pE/s553/8f14083663e2815e0db78db182cb28ca.png","id":"8f14083663e2815e0db78db182cb28ca","width":0,"height":0,"change":false,"original":{"width":553,"height":347}},"index":9,"selected":false,"show":true,"lock":false,"style":{"top":"170px","left":"305.5px","width":"553px","height":"347px","color":"#F7F7F7","visibility":"visible"},"timelineVisible":true,"video":{"type":"placeholder","url":"","id":"","volume":0.8,"autoplay":true,"loop":false,"controls":false},"items":[],"animation":{"in":{},"out":{}},"tagName":"DIV","origin":"0,0","style_T":{"visibility":"visible"},"style_M":{"visibility":"visible"}},{"type":"image","content":"Vector.png","build":{"inEffect":"scale-up","inStart":1200,"inEnd":2000,"inEasing":"easeOutQuad","inTransform":{"scale":{"x":0,"y":0},"opacity":"0","origin":{},"translate":{},"rotate":{},"skew":{}},"outEffect":"none","outStart":13500,"outEnd":13500,"outEasing":"easeInQuad","outTransform":{"opacity":"0","origin":{},"translate":{},"rotate":{},"scale":{},"skew":{}}},"image":{"type":"extend","url":"https://lh3.googleusercontent.com/-qdJMtVlswKs/VY4HR58eL0I/AAAAAAAAFEc/DpwbRuK34RA/s1085/f043d1e29323199f529615d53544b46a.png","id":"f043d1e29323199f529615d53544b46a","width":0,"height":0,"change":false,"original":{"width":1085,"height":729}},"index":10,"selected":false,"show":true,"lock":false,"style":{"top":"0px","left":"131px","width":"908px","height":"610px","color":"#FFFFFF","visibility":"visible"},"timelineVisible":true,"video":{"type":"placeholder","url":"","id":"","volume":0.8,"autoplay":true,"loop":false,"controls":false},"items":[],"animation":{"in":{},"out":{}},"tagName":"DIV","origin":"0,0","style_T":{"visibility":"visible"},"style_M":{"visibility":"visible"}},{"type":"image","content":"gadient.png","build":{"inEffect":"scale-up","inStart":500,"inEnd":900,"inEasing":"easeOutQuad","inTransform":{"scale":{"x":0,"y":0},"opacity":"0","origin":{},"translate":{},"rotate":{},"skew":{}},"outEffect":"none","outStart":13500,"outEnd":13500,"outEasing":"easeInQuad","outTransform":{"opacity":"0","origin":{},"translate":{},"rotate":{},"scale":{},"skew":{}}},"image":{"type":"extend","url":"https://lh3.googleusercontent.com/-43w2ovzy6KE/VY4QpJ7ilBI/AAAAAAAAFFs/e33qmIHdOaE/s720/41b196cdf60d9c55bbe7b238f80918b0.png","id":"41b196cdf60d9c55bbe7b238f80918b0","width":0,"height":0,"change":false,"original":{"width":720,"height":688}},"index":11,"selected":false,"show":true,"lock":false,"style":{"top":"0px","left":"266px","width":"638px","height":"610px","color":"#F7F7F7","visibility":"visible"},"timelineVisible":true,"video":{"type":"placeholder","url":"","id":"","volume":0.8,"autoplay":true,"loop":false,"controls":false},"items":[],"animation":{"in":{},"out":{}},"tagName":"DIV","origin":"0,0","style_T":{"visibility":"visible"},"style_M":{"visibility":"visible"}}]},{"active":false,"index":3,"currentTime":2100,"backgroundColor":"#2B7391","backgroundPosition":"50% 50%","backgroundSize":"cover","backgroundImage":{"type":"placeholder","url":"","id":"41e98ce9843cd86d20104dc8c1937a2f","width":0,"height":0},"transition":{"effect":"fade","delay":12500,"duration":1000,"rows":1,"cols":1,"startFrom":"left","type":1,"timing":"ease","delayRandom":false,"delayY":50,"delayX":50,"cubeDepth":"auto","cubeAnimation":"scale-rotate","cubeFace":"left","cubeAxis":"x","cubeRotate":1},"items":[{"type":"image","content":"tree2.png","build":{"inEffect":"bounce-down","inStart":1600,"inEnd":2400,"inEasing":"easeOutQuad","inTransform":{"opacity":"0","origin":{},"translate":{},"rotate":{},"scale":{},"skew":{}},"outEffect":"none","outStart":12500,"outEnd":12500,"outEasing":"easeInQuad","outTransform":{"opacity":"0","origin":{},"translate":{},"rotate":{},"scale":{},"skew":{}}},"image":{"type":"extend","url":"https://lh3.googleusercontent.com/-54sHPJuB8Oc/VY4HSbP08XI/AAAAAAAAFEY/ejHqjYJb_94/s103/f29cc802feb0ba75e5ab891b35086229.png","id":"f29cc802feb0ba75e5ab891b35086229","width":0,"height":0,"change":false,"original":{"width":61,"height":103}},"index":0,"selected":false,"show":true,"lock":false,"style":{"top":"395px","left":"440px","width":"61px","height":"103px","visibility":"visible"},"timelineVisible":true,"video":{"type":"placeholder","url":"","id":"","volume":0.8,"autoplay":true,"loop":false,"controls":false},"items":[],"animation":{"in":{},"out":{}},"tagName":"DIV","origin":"0,0","style_T":{"visibility":"visible"},"style_M":{"visibility":"visible"}},{"type":"image","content":"tree1.png","build":{"inEffect":"bounce-down","inStart":1400,"inEnd":2200,"inEasing":"easeOutQuad","inTransform":{"opacity":"0","origin":{},"translate":{},"rotate":{},"scale":{},"skew":{}},"outEffect":"none","outStart":12500,"outEnd":12500,"outEasing":"easeInQuad","outTransform":{"opacity":"0","origin":{},"translate":{},"rotate":{},"scale":{},"skew":{}}},"image":{"type":"extend","url":"https://lh3.googleusercontent.com/-rVcX59F5tuc/VY4HHtl7OKI/AAAAAAAAFCg/ypOOaq24cEY/s104/3622a498785fbcc177ffde498a216596.png","id":"3622a498785fbcc177ffde498a216596","width":0,"height":0,"change":false,"original":{"width":104,"height":76}},"index":1,"selected":false,"show":true,"lock":false,"style":{"top":"430px","left":"115px","width":"104px","height":"76px","visibility":"visible"},"timelineVisible":true,"video":{"type":"placeholder","url":"","id":"","volume":0.8,"autoplay":true,"loop":false,"controls":false},"items":[],"animation":{"in":{},"out":{}},"tagName":"DIV","origin":"0,0","style_T":{"visibility":"visible"},"style_M":{"visibility":"visible"}},{"type":"video","video":{"type":"youtube","url":"https://www.youtube.com/watch?v=IJNR2EpS0jw","id":"","volume":0.8,"autoplay":true,"loop":false,"controls":false,"thumb":"https://i.ytimg.com/vi/IJNR2EpS0jw/hqdefault.jpg"},"content":"video","style":{"width":"420px","height":"250px","top":"146px","left":"110px","visibility":"visible"},"build":{"inEffect":"scale-up","inStart":1900,"inEnd":2500,"inEasing":"easeOutQuad","inTransform":{"scale":{"x":0,"y":0},"opacity":"0","origin":{},"translate":{},"rotate":{},"skew":{}},"outEffect":"none","outStart":12500,"outEnd":12500,"outEasing":"easeInQuad","outTransform":{"opacity":"0","origin":{},"translate":{},"rotate":{},"scale":{},"skew":{}}},"index":2,"selected":false,"show":true,"lock":false,"timelineVisible":true,"image":{"type":"placeholder","url":"","id":"","width":0,"height":0},"items":[],"animation":{"in":{},"out":{}},"tagName":"DIV","origin":"0,0","style_T":{"visibility":"visible"},"style_M":{"visibility":"visible"}},{"type":"image","content":"img1.png","build":{"inEffect":"bounce-top","inStart":1100,"inEnd":1900,"inEasing":"easeOutElastic","inTransform":{"translate":{"y":-200},"opacity":"0","origin":{},"rotate":{},"scale":{},"skew":{}},"outEffect":"none","outStart":12500,"outEnd":12500,"outEasing":"easeInQuad","outTransform":{"opacity":"0","origin":{},"translate":{},"rotate":{},"scale":{},"skew":{}}},"image":{"type":"extend","url":"https://lh3.googleusercontent.com/-987xbLpoFSc/VY4So9IZLaI/AAAAAAAAFHQ/LvJ40pC99dk/s537/fe74400cfaf6f7b7c61fd498b889e506.png","id":"fe74400cfaf6f7b7c61fd498b889e506","change":false,"width":0,"height":0,"original":{"width":537,"height":443}},"index":3,"selected":false,"show":true,"lock":false,"style":{"top":"130px","left":"95px","width":"450px","height":"370px","background":"","color":"","visibility":"visible"},"timelineVisible":true,"video":{"type":"placeholder","url":"","id":"","volume":0.8,"autoplay":true,"loop":false,"controls":false},"items":[],"animation":{"in":{},"out":{}},"tagName":"DIV","origin":"0,0","style_T":{"visibility":"visible"},"style_M":{"visibility":"visible"}},{"type":"image","content":"cloud2.png","build":{"inEffect":"slide-right","inStart":700,"inEnd":1400,"inEasing":"easeOutQuad","inTransform":{"translate":{"x":100},"opacity":"0","origin":{},"rotate":{},"scale":{},"skew":{}},"outEffect":"none","outStart":12500,"outEnd":12500,"outEasing":"easeInQuad","outTransform":{"opacity":"0","origin":{},"translate":{},"rotate":{},"scale":{},"skew":{}}},"image":{"type":"extend","url":"https://lh3.googleusercontent.com/-3eZahBoSo04/VY4S3mjnDNI/AAAAAAAAFHk/DK5TLOdkzxw/s255/76d9239abad1ff4b5bb0dee4c6268a1c.png","id":"76d9239abad1ff4b5bb0dee4c6268a1c","width":0,"height":0,"change":false,"original":{"width":255,"height":72}},"index":4,"selected":false,"show":true,"lock":false,"style":{"top":"215px","left":"280px","width":"255px","height":"72px","visibility":"visible"},"timelineVisible":true,"video":{"type":"placeholder","url":"","id":"","volume":0.8,"autoplay":true,"loop":false,"controls":false},"items":[],"animation":{"in":{},"out":{}},"tagName":"DIV","origin":"0,0","style_T":{"visibility":"visible"},"style_M":{"visibility":"visible"}},{"type":"image","content":"cloud1.png","build":{"inEffect":"slide-left","inStart":600,"inEnd":1300,"inEasing":"easeOutQuad","inTransform":{"translate":{"x":-100},"opacity":"0","origin":{},"rotate":{},"scale":{},"skew":{}},"outEffect":"none","outStart":12500,"outEnd":12500,"outEasing":"easeInQuad","outTransform":{"opacity":"0","origin":{},"translate":{},"rotate":{},"scale":{},"skew":{}}},"image":{"type":"extend","url":"https://lh3.googleusercontent.com/-VBkVeMYLrQ0/VY4TFP6uQcI/AAAAAAAAFH4/VFtemXF9CTY/s261/a5c42b5de250f1528b5369c9ebf47adf.png","id":"a5c42b5de250f1528b5369c9ebf47adf","width":0,"height":0,"change":false,"original":{"width":261,"height":89}},"index":5,"selected":false,"show":true,"lock":false,"style":{"top":"80px","left":"100px","width":"261px","height":"89px","visibility":"visible"},"timelineVisible":true,"video":{"type":"placeholder","url":"","id":"","volume":0.8,"autoplay":true,"loop":false,"controls":false},"items":[],"animation":{"in":{},"out":{}},"tagName":"DIV","origin":"0,0","style_T":{"visibility":"visible"},"style_M":{"visibility":"visible"}},{"type":"image","content":"island.png","build":{"inEffect":"slide-bottom","inStart":0,"inEnd":800,"inEasing":"easeOutQuad","inTransform":{"translate":{"y":100},"opacity":"0","origin":{},"rotate":{},"scale":{},"skew":{}},"outEffect":"none","outStart":12500,"outEnd":12500,"outEasing":"easeInQuad","outTransform":{"opacity":"0","origin":{},"translate":{},"rotate":{},"scale":{},"skew":{}}},"image":{"type":"extend","url":"https://lh3.googleusercontent.com/-0F2gOjvlKOM/VY4HKm5KXCI/AAAAAAAAFDU/2h6LXv4PMQc/s590/9d73168f51892949ef6076856f3b3646.png","id":"9d73168f51892949ef6076856f3b3646","width":0,"height":0,"change":false,"original":{"width":590,"height":546}},"index":6,"selected":false,"show":true,"lock":false,"style":{"top":"210px","left":"20px","width":"590px","height":"546px","visibility":"visible"},"timelineVisible":true,"video":{"type":"placeholder","url":"","id":"","volume":0.8,"autoplay":true,"loop":false,"controls":false},"items":[],"animation":{"in":{},"out":{}},"tagName":"DIV","origin":"0,0","style_T":{"visibility":"visible"},"style_M":{"visibility":"visible"}},{"type":"image","content":"gadient.png","build":{"inEffect":"scale-up","inStart":2400,"inEnd":3200,"inEasing":"easeOutQuad","inTransform":{"scale":{"x":0,"y":0},"opacity":"0","origin":{},"translate":{},"rotate":{},"skew":{}},"outEffect":"none","outStart":12500,"outEnd":12500,"outEasing":"easeInQuad","outTransform":{"opacity":"0","origin":{},"translate":{},"rotate":{},"scale":{},"skew":{}}},"image":{"type":"extend","url":"https://lh3.googleusercontent.com/-s5aY1EXfVBM/VY4TdshllBI/AAAAAAAAFIM/6-QfDJ_9HVU/s758/c745528c1c15a5a05020654aa031d157.png","id":"c745528c1c15a5a05020654aa031d157","width":0,"height":0,"change":false,"original":{"width":758,"height":758}},"index":7,"selected":true,"show":true,"lock":false,"style":{"top":"0px","left":"0px","width":"610px","height":"610px","visibility":"visible"},"timelineVisible":false,"video":{"type":"placeholder","url":"","id":"","volume":0.8,"autoplay":true,"loop":false,"controls":false},"items":[],"animation":{"in":{},"out":{}},"tagName":"DIV","origin":"0,0","style_T":{"visibility":"visible"},"style_M":{"visibility":"visible"}},{"type":"text","content":"&lt;i class=\"fa fa-check\"&gt;&lt;/i&gt;","style":{"width":"40px","height":"55px","color":"rgb(140, 198, 62)","fontFamily":"Roboto","fontSize":"30px","lineHeight":"1.2em","textAlign":"left","alignItems":"center","top":"355px","left":"650px","fontWeight":"normal","background":"","borderColor":"","visibility":"visible"},"build":{"inEffect":"bounce","inStart":5300,"inEnd":6200,"inEasing":"easeOutElastic","inTransform":{"scale":{"x":0.5,"y":0.5},"opacity":"0","origin":{},"translate":{},"rotate":{},"skew":{}},"outEffect":"none","outStart":12500,"outEnd":12500,"outEasing":"easeInQuad","outTransform":{"opacity":"0","origin":{},"translate":{},"rotate":{},"scale":{},"skew":{}}},"index":8,"selected":false,"show":true,"lock":false,"video":{"autoplay":true,"type":"placeholder","url":"","id":"","volume":0.8,"loop":false,"controls":false},"timelineVisible":false,"image":{"type":"placeholder","url":"","id":"","width":0,"height":0},"items":[],"animation":{"in":{},"out":{}},"tagName":"DIV","origin":"0,0","style_T":{"visibility":"visible"},"style_M":{"visibility":"visible"}},{"type":"text","content":"Full screen video","style":{"width":"415px","height":"55px","color":"rgb(217, 217, 217)","fontFamily":"Roboto","fontSize":"30px","lineHeight":"1.2em","textAlign":"left","alignItems":"center","top":"355px","left":"705px","fontWeight":"normal","background":"","visibility":"visible"},"build":{"inEffect":"slide-right","inStart":4500,"inEnd":5400,"inEasing":"easeOutQuad","inTransform":{"translate":{"x":100},"opacity":"0","origin":{},"rotate":{},"scale":{},"skew":{}},"outEffect":"none","outStart":12500,"outEnd":12500,"outEasing":"easeInQuad","outTransform":{"opacity":"0","origin":{},"translate":{},"rotate":{},"scale":{},"skew":{}}},"index":9,"selected":false,"show":true,"lock":false,"video":{"autoplay":false,"type":"placeholder","url":"","id":"","volume":0.8,"loop":false,"controls":false},"timelineVisible":false,"image":{"type":"placeholder","url":"","id":"","width":0,"height":0},"items":[],"animation":{"in":{},"out":{}},"tagName":"DIV","origin":"0,0","style_T":{"visibility":"visible"},"style_M":{"visibility":"visible"}},{"type":"text","content":"&lt;i class=\"fa fa-check\"&gt;&lt;/i&gt;","style":{"width":"40px","height":"55px","color":"rgb(140, 198, 62)","fontFamily":"Roboto","fontSize":"30px","lineHeight":"1.2em","textAlign":"left","alignItems":"center","top":"305px","left":"650px","fontWeight":"normal","background":"","borderColor":"","visibility":"visible"},"build":{"inEffect":"bounce","inStart":5100,"inEnd":6000,"inEasing":"easeOutElastic","inTransform":{"scale":{"x":0.5,"y":0.5},"opacity":"0","origin":{},"translate":{},"rotate":{},"skew":{}},"outEffect":"none","outStart":12500,"outEnd":12500,"outEasing":"easeInQuad","outTransform":{"opacity":"0","origin":{},"translate":{},"rotate":{},"scale":{},"skew":{}}},"index":10,"selected":false,"show":true,"lock":false,"video":{"autoplay":true,"type":"placeholder","url":"","id":"","volume":0.8,"loop":false,"controls":false},"timelineVisible":false,"image":{"type":"placeholder","url":"","id":"","width":0,"height":0},"items":[],"animation":{"in":{},"out":{}},"tagName":"DIV","origin":"0,0","style_T":{"visibility":"visible"},"style_M":{"visibility":"visible"}},{"type":"text","content":"Auto-play/pause video","style":{"width":"415px","height":"55px","color":"rgb(217, 217, 217)","fontFamily":"Roboto","fontSize":"30px","lineHeight":"1.2em","textAlign":"left","alignItems":"center","top":"305px","left":"705px","fontWeight":"normal","background":"","visibility":"visible"},"build":{"inEffect":"slide-right","inStart":4300,"inEnd":5200,"inEasing":"easeOutQuad","inTransform":{"translate":{"x":100},"opacity":"0","origin":{},"rotate":{},"scale":{},"skew":{}},"outEffect":"none","outStart":12500,"outEnd":12500,"outEasing":"easeInQuad","outTransform":{"opacity":"0","origin":{},"translate":{},"rotate":{},"scale":{},"skew":{}}},"index":11,"selected":false,"show":true,"lock":false,"video":{"autoplay":false,"type":"placeholder","url":"","id":"","volume":0.8,"loop":false,"controls":false},"timelineVisible":false,"image":{"type":"placeholder","url":"","id":"","width":0,"height":0},"items":[],"animation":{"in":{},"out":{}},"tagName":"DIV","origin":"0,0","style_T":{"visibility":"visible"},"style_M":{"visibility":"visible"}},{"type":"text","content":"&lt;i class=\"fa fa-check\"&gt;&lt;/i&gt;","style":{"width":"40px","height":"55px","color":"rgb(140, 198, 62)","fontFamily":"Roboto","fontSize":"30px","lineHeight":"1.2em","textAlign":"left","alignItems":"center","top":"255px","left":"650px","fontWeight":"normal","background":"","borderColor":"","visibility":"visible"},"build":{"inEffect":"bounce","inStart":4900,"inEnd":5800,"inEasing":"easeOutElastic","inTransform":{"scale":{"x":0.5,"y":0.5},"opacity":"0","origin":{},"translate":{},"rotate":{},"skew":{}},"outEffect":"none","outStart":12500,"outEnd":12500,"outEasing":"easeInQuad","outTransform":{"opacity":"0","origin":{},"translate":{},"rotate":{},"scale":{},"skew":{}}},"index":12,"selected":false,"show":true,"lock":false,"video":{"autoplay":true,"type":"placeholder","url":"","id":"","volume":0.8,"loop":false,"controls":false},"timelineVisible":false,"image":{"type":"placeholder","url":"","id":"","width":0,"height":0},"items":[],"animation":{"in":{},"out":{}},"tagName":"DIV","origin":"0,0","style_T":{"visibility":"visible"},"style_M":{"visibility":"visible"}},{"type":"text","content":"HTML5","style":{"width":"415px","height":"55px","color":"rgb(217, 217, 217)","fontFamily":"Roboto","fontSize":"30px","lineHeight":"1.2em","textAlign":"left","alignItems":"center","top":"255px","left":"705px","fontWeight":"normal","background":"","visibility":"visible"},"build":{"inEffect":"slide-right","inStart":4100,"inEnd":5000,"inEasing":"easeOutQuad","inTransform":{"translate":{"x":100},"opacity":"0","origin":{},"rotate":{},"scale":{},"skew":{}},"outEffect":"none","outStart":12500,"outEnd":12500,"outEasing":"easeInQuad","outTransform":{"opacity":"0","origin":{},"translate":{},"rotate":{},"scale":{},"skew":{}}},"index":13,"selected":false,"show":true,"lock":false,"video":{"autoplay":false,"type":"placeholder","url":"","id":"","volume":0.8,"loop":false,"controls":false},"timelineVisible":false,"image":{"type":"placeholder","url":"","id":"","width":0,"height":0},"items":[],"animation":{"in":{},"out":{}},"tagName":"DIV","origin":"0,0","style_T":{"visibility":"visible"},"style_M":{"visibility":"visible"}},{"type":"text","content":"&lt;i class=\"fa fa-check\"&gt;&lt;/i&gt;","style":{"width":"40px","height":"55px","color":"rgb(140, 198, 62)","fontFamily":"Roboto","fontSize":"30px","lineHeight":"1.2em","textAlign":"left","alignItems":"center","top":"205px","left":"650px","fontWeight":"normal","background":"","borderColor":"","visibility":"visible"},"build":{"inEffect":"bounce","inStart":4700,"inEnd":5600,"inEasing":"easeOutElastic","inTransform":{"scale":{"x":0.5,"y":0.5},"opacity":"0","origin":{},"translate":{},"rotate":{},"skew":{}},"outEffect":"none","outStart":12500,"outEnd":12500,"outEasing":"easeInQuad","outTransform":{"opacity":"0","origin":{},"translate":{},"rotate":{},"scale":{},"skew":{}}},"index":14,"selected":false,"show":true,"lock":false,"video":{"autoplay":true,"type":"placeholder","url":"","id":"","volume":0.8,"loop":false,"controls":false},"timelineVisible":false,"image":{"type":"placeholder","url":"","id":"","width":0,"height":0},"items":[],"animation":{"in":{},"out":{}},"tagName":"DIV","origin":"0,0","style_T":{"visibility":"visible"},"style_M":{"visibility":"visible"}},{"type":"text","content":"Youtube","style":{"width":"415px","height":"55px","color":"rgb(217, 217, 217)","fontFamily":"Roboto","fontSize":"30px","lineHeight":"1.2em","textAlign":"left","alignItems":"center","top":"205px","left":"705px","fontWeight":"normal","background":"","visibility":"visible"},"build":{"inEffect":"slide-right","inStart":3900,"inEnd":4800,"inEasing":"easeOutQuad","inTransform":{"translate":{"x":100},"opacity":"0","origin":{},"rotate":{},"scale":{},"skew":{}},"outEffect":"none","outStart":12500,"outEnd":12500,"outEasing":"easeInQuad","outTransform":{"opacity":"0","origin":{},"translate":{},"rotate":{},"scale":{},"skew":{}}},"index":15,"selected":false,"show":true,"lock":false,"video":{"autoplay":false,"type":"placeholder","url":"","id":"","volume":0.8,"loop":false,"controls":false},"timelineVisible":false,"image":{"type":"placeholder","url":"","id":"","width":0,"height":0},"items":[],"animation":{"in":{},"out":{}},"tagName":"DIV","origin":"0,0","style_T":{"visibility":"visible"},"style_M":{"visibility":"visible"}},{"type":"text","content":"Mighty video support","style":{"width":"520px","height":"115px","color":"#FFFFFF","fontFamily":"Roboto","fontSize":"48px","lineHeight":"1.2em","textAlign":"left","alignItems":"center","top":"80px","left":"650px","fontWeight":"bold","background":"","visibility":"visible"},"build":{"inEffect":"slide-top","inStart":3000,"inEnd":4000,"inEasing":"easeOutQuad","inTransform":{"translate":{"y":-100},"opacity":"0","origin":{},"rotate":{},"scale":{},"skew":{}},"outEffect":"none","outStart":12500,"outEnd":12500,"outEasing":"easeInQuad","outTransform":{"opacity":"0","origin":{},"translate":{},"rotate":{},"scale":{},"skew":{}}},"index":16,"selected":false,"show":true,"lock":false,"video":{"autoplay":false,"type":"placeholder","url":"","id":"","volume":0.8,"loop":false,"controls":false},"timelineVisible":false,"image":{"type":"placeholder","url":"","id":"","width":0,"height":0},"items":[],"animation":{"in":{},"out":{}},"tagName":"DIV","origin":"0,0","style_T":{"visibility":"visible"},"style_M":{"visibility":"visible"}}]},{"active":false,"index":4,"currentTime":2200,"backgroundColor":"#294379","backgroundPosition":"50% 50%","backgroundSize":"cover","backgroundImage":{"type":"placeholder","url":"","id":"f625479ad597dc6a9a44bdb062835dc8","width":0,"height":0},"transition":{"effect":"fade","delay":8000,"duration":1000,"rows":1,"cols":1,"startFrom":"left","type":1,"timing":"ease","delayRandom":false,"delayY":50,"delayX":50,"cubeDepth":"auto","cubeAnimation":"scale-rotate","cubeFace":"left","cubeAxis":"x","cubeRotate":1},"items":[{"type":"text","content":"VIEW DEMO","style":{"width":"170px","height":"50px","color":"rgb(255, 255, 255)","fontFamily":"Open Sans","fontSize":"16px","lineHeight":1,"textAlign":"center","alignItems":"center","top":"423px","left":"655px","background":"#0091F2","borderRadius":"6px","fontWeight":"bold","visibility":"visible"},"build":{"inEffect":"slide-top-small","inStart":1800,"inEnd":3000,"inEasing":"easeOutQuad","inTransform":{"translate":{"y":-50},"opacity":"0","origin":{},"rotate":{},"scale":{},"skew":{}},"outEffect":"none","outStart":8000,"outEnd":8000,"outEasing":"easeInQuad","outTransform":{"opacity":"0","origin":{},"translate":{},"rotate":{},"scale":{},"skew":{}}},"index":0,"selected":false,"show":true,"lock":false,"timelineVisible":true,"link":"http://demo.joomlashine.com/joomla-extensions/jsn-easyslider/jsn-easyslider-overview.html?utm_source=detailpage&amp;utm_medium=button&amp;utm_campaign=JSNEasySlider","linkTarget":"_blank","video":{"type":"placeholder","url":"","id":"","volume":0.8,"autoplay":true,"loop":false,"controls":false},"image":{"type":"placeholder","url":"","id":"","width":0,"height":0},"items":[],"animation":{"in":{},"out":{}},"tagName":"DIV","origin":"0,0","style_T":{"visibility":"visible"},"style_M":{"visibility":"visible"}},{"type":"text","content":"GET IT NOW","style":{"width":"170px","height":"50px","color":"#FFFFFF","fontFamily":"Open Sans","fontSize":"16px","lineHeight":1,"textAlign":"center","alignItems":"center","top":"423px","left":"843px","background":"#8CC63E","borderRadius":"6px","fontWeight":"bold","visibility":"visible"},"build":{"inEffect":"slide-bottom-small","inStart":1800,"inEnd":3000,"inEasing":"easeOutQuad","inTransform":{"translate":{"y":50},"opacity":"0","origin":{},"rotate":{},"scale":{},"skew":{}},"outEffect":"none","outStart":8000,"outEnd":8000,"outEasing":"easeInQuad","outTransform":{"opacity":"0","origin":{},"translate":{},"rotate":{},"scale":{},"skew":{}}},"index":1,"selected":false,"show":true,"lock":false,"video":{"type":"placeholder","url":"","id":"","volume":0.8,"autoplay":true,"loop":false,"controls":false},"image":{"type":"placeholder","url":"","id":"","width":0,"height":0},"timelineVisible":true,"link":"#jsn-edition-price","linkTarget":"_self","items":[],"animation":{"in":{},"out":{}},"tagName":"DIV","origin":"0,0","style_T":{"visibility":"visible"},"style_M":{"visibility":"visible"}},{"type":"text","content":"&lt;i class=\"fa fa-check\"&gt;&lt;/i&gt;","style":{"width":"40px","height":"55px","color":"rgb(140, 198, 62)","fontFamily":"Roboto","fontSize":"28px","lineHeight":"1.2em","textAlign":"left","alignItems":"center","top":"334px","left":"650px","fontWeight":"normal","background":"","borderColor":"","visibility":"visible"},"build":{"inEffect":"bounce","inStart":2200,"inEnd":3100,"inEasing":"easeOutElastic","inTransform":{"scale":{"x":0.5,"y":0.5},"opacity":"0","origin":{},"translate":{},"rotate":{},"skew":{}},"outEffect":"none","outStart":8000,"outEnd":8000,"outEasing":"easeInQuad","outTransform":{"opacity":"0","origin":{},"translate":{},"rotate":{},"scale":{},"skew":{}}},"index":2,"selected":false,"show":true,"lock":false,"video":{"autoplay":true,"type":"placeholder","url":"","id":"","volume":0.8,"loop":false,"controls":false},"timelineVisible":true,"image":{"type":"placeholder","url":"","id":"","width":0,"height":0},"items":[],"animation":{"in":{},"out":{}},"tagName":"DIV","origin":"0,0","style_T":{"visibility":"visible"},"style_M":{"visibility":"visible"}},{"type":"text","content":"Extensive knowledge portal","style":{"width":"415px","height":"55px","color":"rgb(217, 217, 217)","fontFamily":"Roboto","fontSize":"28px","lineHeight":"1.2em","textAlign":"left","alignItems":"center","top":"335px","left":"705px","fontWeight":"normal","background":"","visibility":"visible"},"build":{"inEffect":"slide-right","inStart":1400,"inEnd":2300,"inEasing":"easeOutQuad","inTransform":{"translate":{"x":100},"opacity":"0","origin":{},"rotate":{},"scale":{},"skew":{}},"outEffect":"none","outStart":8000,"outEnd":8000,"outEasing":"easeInQuad","outTransform":{"opacity":"0","origin":{},"translate":{},"rotate":{},"scale":{},"skew":{}}},"index":3,"selected":false,"show":true,"lock":false,"video":{"autoplay":false,"type":"placeholder","url":"","id":"","volume":0.8,"loop":false,"controls":false},"timelineVisible":true,"image":{"type":"placeholder","url":"","id":"","width":0,"height":0},"items":[],"animation":{"in":{},"out":{}},"tagName":"DIV","origin":"0,0","style_T":{"visibility":"visible"},"style_M":{"visibility":"visible"}},{"type":"text","content":"&lt;i class=\"fa fa-check\"&gt;&lt;/i&gt;","style":{"width":"40px","height":"55px","color":"rgb(140, 198, 62)","fontFamily":"Roboto","fontSize":"28px","lineHeight":"1.2em","textAlign":"left","alignItems":"center","top":"285px","left":"650px","fontWeight":"normal","background":"","borderColor":"","visibility":"visible"},"build":{"inEffect":"bounce","inStart":1900,"inEnd":2800,"inEasing":"easeOutElastic","inTransform":{"scale":{"x":0.5,"y":0.5},"opacity":"0","origin":{},"translate":{},"rotate":{},"skew":{}},"outEffect":"none","outStart":8000,"outEnd":8000,"outEasing":"easeInQuad","outTransform":{"opacity":"0","origin":{},"translate":{},"rotate":{},"scale":{},"skew":{}}},"index":4,"selected":false,"show":true,"lock":false,"video":{"autoplay":true,"type":"placeholder","url":"","id":"","volume":0.8,"loop":false,"controls":false},"timelineVisible":true,"image":{"type":"placeholder","url":"","id":"","width":0,"height":0},"items":[],"animation":{"in":{},"out":{}},"tagName":"DIV","origin":"0,0","style_T":{"visibility":"visible"},"style_M":{"visibility":"visible"}},{"type":"text","content":"Diligent support forum","style":{"width":"415px","height":"55px","color":"rgb(217, 217, 217)","fontFamily":"Roboto","fontSize":"28px","lineHeight":"1.2em","textAlign":"left","alignItems":"center","top":"284px","left":"705px","fontWeight":"normal","background":"","visibility":"visible"},"build":{"inEffect":"slide-right","inStart":1100,"inEnd":2000,"inEasing":"easeOutQuad","inTransform":{"translate":{"x":100},"opacity":"0","origin":{},"rotate":{},"scale":{},"skew":{}},"outEffect":"none","outStart":8000,"outEnd":8000,"outEasing":"easeInQuad","outTransform":{"opacity":"0","origin":{},"translate":{},"rotate":{},"scale":{},"skew":{}}},"index":5,"selected":false,"show":true,"lock":false,"video":{"autoplay":false,"type":"placeholder","url":"","id":"","volume":0.8,"loop":false,"controls":false},"timelineVisible":true,"image":{"type":"placeholder","url":"","id":"","width":0,"height":0},"items":[],"animation":{"in":{},"out":{}},"tagName":"DIV","origin":"0,0","style_T":{"visibility":"visible"},"style_M":{"visibility":"visible"}},{"type":"text","content":"&lt;i class=\"fa fa-check\"&gt;&lt;/i&gt;","style":{"width":"40px","height":"55px","color":"rgb(140, 198, 62)","fontFamily":"Roboto","fontSize":"28px","lineHeight":"1.2em","textAlign":"left","alignItems":"center","top":"235px","left":"650px","fontWeight":"normal","background":"","borderColor":"","visibility":"visible"},"build":{"inEffect":"bounce","inStart":1400,"inEnd":2300,"inEasing":"easeOutElastic","inTransform":{"scale":{"x":0.5,"y":0.5},"opacity":"0","origin":{},"translate":{},"rotate":{},"skew":{}},"outEffect":"none","outStart":8000,"outEnd":8000,"outEasing":"easeInQuad","outTransform":{"opacity":"0","origin":{},"translate":{},"rotate":{},"scale":{},"skew":{}}},"index":6,"selected":false,"show":true,"lock":false,"video":{"autoplay":true,"type":"placeholder","url":"","id":"","volume":0.8,"loop":false,"controls":false},"timelineVisible":true,"image":{"type":"placeholder","url":"","id":"","width":0,"height":0},"items":[],"animation":{"in":{},"out":{}},"tagName":"DIV","origin":"0,0","style_T":{"visibility":"visible"},"style_M":{"visibility":"visible"}},{"type":"text","content":"Detailed documentation","style":{"width":"415px","height":"55px","color":"rgb(217, 217, 217)","fontFamily":"Roboto","fontSize":"28px","lineHeight":"1.2em","textAlign":"left","alignItems":"center","top":"235px","left":"705px","fontWeight":"normal","background":"","visibility":"visible"},"build":{"inEffect":"slide-right","inStart":600,"inEnd":1500,"inEasing":"easeOutQuad","inTransform":{"translate":{"x":100},"opacity":"0","origin":{},"rotate":{},"scale":{},"skew":{}},"outEffect":"none","outStart":8000,"outEnd":8000,"outEasing":"easeInQuad","outTransform":{"opacity":"0","origin":{},"translate":{},"rotate":{},"scale":{},"skew":{}}},"index":7,"selected":false,"show":true,"lock":false,"video":{"autoplay":false,"type":"placeholder","url":"","id":"","volume":0.8,"loop":false,"controls":false},"timelineVisible":true,"image":{"type":"placeholder","url":"","id":"","width":0,"height":0},"items":[],"animation":{"in":{},"out":{}},"tagName":"DIV","origin":"0,0","style_T":{"visibility":"visible"},"style_M":{"visibility":"visible"}},{"type":"text","content":"Dedicated Support makes easy-to-use even easier","style":{"width":"520px","height":"115px","color":"rgb(255, 255, 255)","fontFamily":"Roboto","fontSize":"43px","lineHeight":"1.2em","textAlign":"left","alignItems":"center","top":"100px","left":"650px","fontWeight":"bold","background":"","visibility":"visible"},"build":{"inEffect":"slide-top","inStart":200,"inEnd":1500,"inEasing":"easeOutQuad","inTransform":{"translate":{"y":-100},"opacity":"0","origin":{},"rotate":{},"scale":{},"skew":{}},"outEffect":"none","outStart":8000,"outEnd":8000,"outEasing":"easeInQuad","outTransform":{"opacity":"0","origin":{},"translate":{},"rotate":{},"scale":{},"skew":{}}},"index":8,"selected":false,"show":true,"lock":false,"video":{"autoplay":false,"type":"placeholder","url":"","id":"","volume":0.8,"loop":false,"controls":false},"timelineVisible":true,"image":{"type":"placeholder","url":"","id":"","width":0,"height":0},"items":[],"animation":{"in":{},"out":{}},"tagName":"DIV","origin":"0,0","style_T":{"visibility":"visible"},"style_M":{"visibility":"visible"}},{"type":"image","content":"6.png","build":{"inEffect":"slide-top","inStart":400,"inEnd":1400,"inEasing":"easeOutQuad","inTransform":{"translate":{"y":-100},"opacity":"0","origin":{},"rotate":{},"scale":{},"skew":{}},"outEffect":"none","outStart":8000,"outEnd":8000,"outEasing":"easeInQuad","outTransform":{"opacity":"0","origin":{},"translate":{},"rotate":{},"scale":{},"skew":{}}},"image":{"type":"extend","url":"https://lh3.googleusercontent.com/-MzHAHQ1VUFQ/VY4HKxhipgI/AAAAAAAAFDk/I9pPthdIvLg/s115/ab0c54cc126c49c10af90b16e89d559a.png","id":"ab0c54cc126c49c10af90b16e89d559a","change":false,"width":0,"height":0,"original":{"width":115,"height":92}},"index":9,"selected":false,"show":true,"lock":false,"style":{"top":"60px","left":"105px","width":"115px","height":"92px","background":"","color":"","visibility":"visible"},"timelineVisible":true,"video":{"type":"placeholder","url":"","id":"","volume":0.8,"autoplay":true,"loop":false,"controls":false},"items":[],"animation":{"in":{},"out":{}},"tagName":"DIV","origin":"0,0","style_T":{"visibility":"visible"},"style_M":{"visibility":"visible"}},{"type":"image","content":"5.png","build":{"inEffect":"rotate-left-180","inStart":600,"inEnd":2400,"inEasing":"easeOutQuad","inTransform":{"rotate":{"z":180},"opacity":"0","origin":{},"translate":{},"scale":{},"skew":{}},"outEffect":"none","outStart":8000,"outEnd":8000,"outEasing":"easeInQuad","outTransform":{"opacity":"0","origin":{},"translate":{},"rotate":{},"scale":{},"skew":{}}},"image":{"type":"extend","url":"https://lh3.googleusercontent.com/-JEI1GSatMAI/VY4HQNOpILI/AAAAAAAAFEs/4kXeeVa9JNQ/s153/bcc9ab91a4e1828c470a2c6665b65f7e.png","id":"bcc9ab91a4e1828c470a2c6665b65f7e","change":false,"width":0,"height":0,"original":{"width":153,"height":153}},"index":10,"selected":false,"show":true,"lock":false,"style":{"top":"329px","left":"45px","width":"153px","height":"153px","background":"","color":"","visibility":"visible"},"timelineVisible":true,"video":{"type":"placeholder","url":"","id":"","volume":0.8,"autoplay":true,"loop":false,"controls":false},"items":[],"animation":{"in":{},"out":{}},"tagName":"DIV","origin":"0,0","style_T":{"visibility":"visible"},"style_M":{"visibility":"visible"}},{"type":"image","content":"4.png","build":{"inEffect":"flip-left","inStart":1200,"inEnd":2600,"inEasing":"easeOutQuad","inTransform":{"rotate":{"y":-90},"opacity":"0","origin":{},"translate":{},"scale":{},"skew":{}},"outEffect":"none","outStart":8000,"outEnd":8000,"outEasing":"easeInQuad","outTransform":{"opacity":"0","origin":{},"translate":{},"rotate":{},"scale":{},"skew":{}}},"image":{"type":"extend","url":"https://lh3.googleusercontent.com/-anKit78q4aU/VY4HRI4t7fI/AAAAAAAAFEA/8K1rovH6HmY/s134/da51d2f4cdea3229f9b1251609e9b2b1.png","id":"da51d2f4cdea3229f9b1251609e9b2b1","change":false,"width":0,"height":0,"original":{"width":134,"height":124}},"index":11,"selected":false,"show":true,"lock":false,"style":{"top":"269px","left":"460px","width":"134px","height":"124px","background":"","color":"","visibility":"visible"},"timelineVisible":true,"video":{"type":"placeholder","url":"","id":"","volume":0.8,"autoplay":true,"loop":false,"controls":false},"items":[],"animation":{"in":{},"out":{}},"tagName":"DIV","origin":"0,0","style_T":{"visibility":"visible"},"style_M":{"visibility":"visible"}},{"type":"image","content":"3.png","build":{"inEffect":"slide-bottom","inStart":400,"inEnd":1500,"inEasing":"easeOutQuad","inTransform":{"translate":{"y":100},"opacity":"0","origin":{},"rotate":{},"scale":{},"skew":{}},"outEffect":"none","outStart":8000,"outEnd":8000,"outEasing":"easeInQuad","outTransform":{"opacity":"0","origin":{},"translate":{},"rotate":{},"scale":{},"skew":{}}},"image":{"type":"extend","url":"https://lh3.googleusercontent.com/-PfVUboKhegM/VY4HRVf0gDI/AAAAAAAAFEM/z3Ajyxxr2vo/s146/e96de0075a112eb045b29cf5cd56a5dd.png","id":"e96de0075a112eb045b29cf5cd56a5dd","change":false,"width":0,"height":0,"original":{"width":124,"height":146}},"index":12,"selected":false,"show":true,"lock":false,"style":{"top":"317px","left":"312px","width":"124px","height":"146px","background":"","color":"","visibility":"visible"},"timelineVisible":true,"video":{"type":"placeholder","url":"","id":"","volume":0.8,"autoplay":true,"loop":false,"controls":false},"items":[],"animation":{"in":{},"out":{}},"tagName":"DIV","origin":"0,0","style_T":{"visibility":"visible"},"style_M":{"visibility":"visible"}},{"type":"image","content":"2.png","build":{"inEffect":"slide-left","inStart":900,"inEnd":2500,"inEasing":"easeOutQuad","inTransform":{"translate":{"x":-100},"opacity":"0","origin":{},"rotate":{},"scale":{},"skew":{}},"outEffect":"none","outStart":8000,"outEnd":8000,"outEasing":"easeInQuad","outTransform":{"opacity":"0","origin":{},"translate":{},"rotate":{},"scale":{},"skew":{}}},"image":{"type":"extend","url":"https://lh3.googleusercontent.com/-79nLrFX8MA0/VY4HByRkqBI/AAAAAAAAFCA/KvF5Y8w6whc/s116/1343b08ad2b8fcd0c5a1431027fd29cd.png","id":"1343b08ad2b8fcd0c5a1431027fd29cd","change":false,"width":0,"height":0,"original":{"width":92,"height":116}},"index":13,"selected":false,"show":true,"lock":false,"style":{"top":"114px","left":"440px","width":"92px","height":"116px","background":"","color":"","visibility":"visible"},"timelineVisible":true,"video":{"type":"placeholder","url":"","id":"","volume":0.8,"autoplay":true,"loop":false,"controls":false},"items":[],"animation":{"in":{},"out":{}},"tagName":"DIV","origin":"0,0","style_T":{"visibility":"visible"},"style_M":{"visibility":"visible"}},{"type":"image","content":"1b.png","build":{"inEffect":"slide-top","inStart":1300,"inEnd":2400,"inEasing":"easeOutQuad","inTransform":{"translate":{"y":-100},"opacity":"0","origin":{},"rotate":{},"scale":{},"skew":{}},"outEffect":"none","outStart":8000,"outEnd":8000,"outEasing":"easeInQuad","outTransform":{"opacity":"0","origin":{},"translate":{},"rotate":{},"scale":{},"skew":{}}},"image":{"type":"extend","url":"https://lh3.googleusercontent.com/-SkuZxfDoSMQ/VY4HCtSIF-I/AAAAAAAAFCU/Q_40y6_Yjvw/s220/2d1e96a79c34d7672822dc84cec998b7.png","id":"2d1e96a79c34d7672822dc84cec998b7","change":false,"width":0,"height":0,"original":{"width":220,"height":106}},"index":14,"selected":false,"show":true,"lock":false,"style":{"top":"239px","left":"149px","width":"220px","height":"106px","background":"","color":"","visibility":"visible"},"timelineVisible":true,"video":{"type":"placeholder","url":"","id":"","volume":0.8,"autoplay":true,"loop":false,"controls":false},"items":[],"animation":{"in":{},"out":{}},"tagName":"DIV","origin":"0,0","style_T":{"visibility":"visible"},"style_M":{"visibility":"visible"}},{"type":"image","content":"1a.png","build":{"inEffect":"scale-up","inStart":700,"inEnd":1500,"inEasing":"easeOutQuad","inTransform":{"scale":{"x":0,"y":0},"opacity":"0","origin":{},"translate":{},"rotate":{},"skew":{}},"outEffect":"none","outStart":8000,"outEnd":8000,"outEasing":"easeInQuad","outTransform":{"opacity":"0","origin":{},"translate":{},"rotate":{},"scale":{},"skew":{}}},"image":{"type":"extend","url":"https://lh3.googleusercontent.com/-5Kmo42GmUOw/VY4Ua6aHihI/AAAAAAAAFIg/WTPeMvgfHno/s238/9f0be829184f3822b53519b968c9bf3d.png","id":"9f0be829184f3822b53519b968c9bf3d","change":false,"width":0,"height":0,"original":{"width":238,"height":140}},"index":15,"selected":false,"show":true,"lock":false,"style":{"top":"215px","left":"140px","width":"238px","height":"140px","background":"","color":"","visibility":"visible"},"timelineVisible":true,"video":{"type":"placeholder","url":"","id":"","volume":0.8,"autoplay":true,"loop":false,"controls":false},"items":[],"animation":{"in":{},"out":{}},"tagName":"DIV","origin":"0,0","style_T":{"visibility":"visible"},"style_M":{"visibility":"visible"}},{"type":"image","content":"1.png","build":{"inEffect":"bounce-down","inStart":0,"inEnd":900,"inEasing":"easeOutQuad","inTransform":{"opacity":"0","origin":{},"translate":{},"rotate":{},"scale":{},"skew":{}},"outEffect":"none","outStart":8000,"outEnd":8000,"outEasing":"easeInQuad","outTransform":{"opacity":"0","origin":{},"translate":{},"rotate":{},"scale":{},"skew":{}}},"image":{"type":"extend","url":"https://lh3.googleusercontent.com/--l0IldGUDY0/VY4HIf0GlYI/AAAAAAAAFDY/T48Vd9VuSGs/s310/6f0fa4ac062e3924aa016eba2fd175b1.png","id":"6f0fa4ac062e3924aa016eba2fd175b1","change":false,"width":0,"height":0,"original":{"width":310,"height":256}},"index":16,"selected":false,"show":true,"lock":false,"style":{"top":"173px","left":"105px","width":"310px","height":"256px","background":"","color":"","visibility":"visible"},"timelineVisible":true,"video":{"type":"placeholder","url":"","id":"","volume":0.8,"autoplay":true,"loop":false,"controls":false},"items":[],"animation":{"in":{},"out":{}},"tagName":"DIV","origin":"0,0","style_T":{"visibility":"visible"},"style_M":{"visibility":"visible"}},{"type":"image","content":"Vector-Smart-Object5.png","build":{"inEffect":"none","inStart":0,"inEnd":0,"inEasing":"easeOutQuad","inTransform":{"opacity":"0","origin":{},"translate":{},"rotate":{},"scale":{},"skew":{}},"outEffect":"none","outStart":8000,"outEnd":8000,"outEasing":"easeInQuad","outTransform":{"opacity":"0","origin":{},"translate":{},"rotate":{},"scale":{},"skew":{}}},"image":{"type":"extend","url":"https://lh3.googleusercontent.com/-gQ64K5I2DbQ/VY4UrktrKpI/AAAAAAAAFI0/36kxeiE0U_g/s944/2d8cfe4efe6786a1877fcb9fc9b2a471.png","id":"2d8cfe4efe6786a1877fcb9fc9b2a471","width":0,"height":0,"change":false,"original":{"width":944,"height":519}},"index":17,"selected":false,"show":true,"lock":false,"style":{"top":"50px","left":"100px","width":"944px","height":"519px","visibility":"visible"},"video":{"type":"placeholder","url":"","id":"","volume":0.8,"autoplay":true,"loop":false,"controls":false},"items":[],"animation":{"in":{},"out":{}},"tagName":"DIV","origin":"0,0","style_T":{"visibility":"visible"},"style_M":{"visibility":"visible"}}]}],"fonts":["Open Sans","Open Sans","Open Sans","Open Sans","Roboto","Roboto","Roboto","Roboto","Open Sans","Open Sans","Roboto","Open Sans","Roboto","Roboto","Roboto","Roboto","Helvetica","Helvetica","Helvetica","Helvetica","Roboto","Roboto","Roboto","Roboto","Roboto","Roboto","Roboto","Roboto","Roboto","Open Sans","Open Sans","Roboto","Roboto","Roboto","Roboto","Roboto","Roboto","Roboto"],"settings":{"fullWidth":true,"fullHeight":false,"showBtnNext":true,"nextBtnLabel":"&lt;i class=\"fa fa-chevron-right\"&gt;&lt;/i&gt;","showBtnPrev":true,"showProgress":true,"prevBtnLabel":"&lt;i class=\"fa fa-chevron-left\"&gt;&lt;/i&gt;","showPagination":true,"touchNavigation":true,"loopSlider":true,"startAt":1,"responsiveTablet":true,"responsiveTabletWidth":"600px","responsiveMobile":true,"responsiveMobileWidth":"400px"},"title":"Untitled","textStyles":[],"itemStyles":[],"itemAnimations":[],"autoplayVideo":true}</slider_data><published>1</published><ordering>0</ordering><access>1</access></row></rows></table></tables></backup>
